track_id,caption
00289f72-fbb5-49fb-9e6e-d062b5eecae7,Orchestral Alternative Uplifting.
003d0ee0-728d-42a5-9b90-ddfacb4e2817,Pop.
0071c830-64a6-4254-be3a-1cfd0611948d,Pop.
00ab8ae8-04c7-4bb0-afcd-03c76096c5df,Ethereal New Age Nordic.
00d81f29-74e0-4a2b-a03c-7cba1dc36ae4,"Andy Winehouse, True King Bass, Tragic Magic Cello. Vocals, pro studio mix Trending samples, Heavy Beat, Blues Soul."
010d2929-8745-4bf9-8d17-e6c32e190e53,"Male Vocal, Hip Hop Techno."
0146e85d-d3dc-4804-8ae2-47fdbf297a1f,Pop-Rock.
01655156-ad80-4662-b8aa-a008c6ee0dd5,Cinematic Ambient with elements of Progressive Rock.
02352df2-76ad-4e9c-b289-d1c5e3ddd408,"Emotional, Electric, Alternative Rock. Atmospheric, Female Vocals."
025cb6c3-6d26-4304-9005-0d36e248c9a1,"Female Vocals, Pop, Rock. Light, Saxophone, Keyboard, Guitar, Violin, Funk, Pop Rock."
029faa4b-4007-42d7-84dc-23bc23a36094,"City-Pop, Pop. 80S."
02e9e85a-c066-4b39-a0d8-1ed40a4d47e7,"Jazz, R&B, Clapping. R&, Piano, Church Music."
03354439-084c-4793-a44d-ed929caa8b40,Rock.
03dc40ef-e9cc-4003-8fd0-1743c2f8956d,Rock Motivating With A Clear Loud Voice To Understand Lyrics.
03f7caf5-daa6-49ea-8160-f3bd53de6572,Powerful Electric Rock.
0421b0dd-6c18-47b6-8690-b04cfd77b8f1,"Vulnerable Female Vocals, Honest, Breathless. Dynamic, Powerful, Falsetto, Melismatic, Emotional, Post-Hardcore."
04a59171-94e9-4ee2-8781-c8ad67156d87,"Hip-Hop, Latin Percussion, Mariachi Trumpets. Trap Hi-Hats, Deep Bass, Male Rap Vocals, Catchy Hooks."
04f53d30-d1a2-4b29-b938-a1b0aad7483c,Edm Powerful Saxophone Heavy Bass Electropop.
051db367-c03c-4bbc-8825-e183eed27f7a,Gritty Intricate Gangsta.
058c6f20-ffb3-4b78-ac6c-48c4a01c49bb,Smooth Elegant Smooth Jazz.
05c34738-9776-44fa-ac31-eef1faa0f282,Modern Echo Effects Deep Bass Italian Electronic.
05fcc7c7-7161-4dd6-99ab-5c448ef4bcba,Pop Playful.
06fc804d-207a-4567-a6e3-139540cbc3e3,"Cosmic, Warrior Chants, Gothic."
07e75e38-76cc-4287-b0cc-2970188c419d,Mandelão Baile Funk.
07f07132-326a-4d39-8139-ea643ef566ac,"Folksy Lullaby, Whimsical & Cozy, Soft Acoustic Guitar. Gentle Ukulele, Light Tambourine, Bells, Warm Harmonies."
07f74a3d-8f3e-4a7e-9f99-be4f7dd19edf,Mid tempo rap strong punchy drum piano hook subtle bass reflective epic feel.
08525ffb-8951-4e0d-8331-2d7e418da5f7,Electronic Cyberpunk Edgy.
087b5155-0fd5-4620-a392-5101e7d88a5b,"Drum, Chanting, Australian Music Style. Flute, Violin, Guitar, Harp."
089865b0-8886-4fa3-b778-45ca1e2aa0be,"House, Sampled, Immersive. Layered Drums & Bass, Introspective, Textured, Experimental, Rage, Deep Male Voice, Piano."
09a9c417-9d55-47f5-95b1-fb0d120d0b56,{Psychedelic-Trance} [Echoed-Vocals] (Synthesis-Loops + Phasing-Sounds + Deep-Bassline).
0a01f369-1f64-4de8-9097-cb9ac42583a4,Haed House Tribal Beats Female Voice.
0a270cf4-8807-4aea-b3fe-0dde369650a7,"Scifi, Cosmic, Violins. Bassnectar, Harp, Synthwave, Digital, Twist, AI Dominion, Piano, Mind, Dual, Electro Swing, Cyberpunk, Soul."
0a40303c-db49-4e33-9c74-0bebdab97462,Emotional Soul Pop Ballad.
0a85aae0-57ea-424c-a0fd-d30d6f4ebd8f,"Drips. 1994 Nu Rap, Smooth White Male Rap, Soft 1903 Hip Hop Mixed Undertone, Soft 1936 Rap Beat, Soft 90S Rap Tone."
0a996190-7a9c-452b-9805-c20077110a9c,Club-Trap Hip-Hop Dark.
0b0d1709-d7f7-495e-9c4d-7f93ab61911c,Big Band Swing Dark Moody.
0b1bdfb2-2755-4eb2-a5d1-f2d4395280a0,"Hip-Hop, Electronic, Alternative R&B. Dark, Electronic Dance Music EDM, Alternative R&, Rock, Male Vocal, Male Rap, K-Rap, Techno."
0b4c51ca-e0ef-4a5f-a6cb-e4cfb6fbe5d5,Japanese city pop Distortic robotic Vocaloid Female.
0bc28071-9d0e-4778-bb37-d93067f1e551,Cheerful Quirky.
0bd35fdd-b864-4cf3-8874-bae5328fac80,"Deutschrap, German Hip-Hop, Hip-Hop."
0be49c2a-a80f-433b-a42a-88383d7fdee2,"Female Vocal, Emotional, Midwestern Emo. Emotional Soft Heartfelt Post-Hardcore Punk, Pop Punk, Acid Swancore."
0c33fc49-a81b-4144-a871-02b4cea33e75,Psychedelic Rock.
0cb4c36c-0628-46a9-8642-699e57b03b08,"K-Pop, Horror, Evil. Fear, Épic Anthem Orchestral Choir, Ethereal Voices, Vocals-Orchestra."
0ce21efe-7a69-44f3-80e8-bc9d1ba5ded7,"Metalcore, Ambient, Technical Death Metal. Djent, Epic, Maritime Atmosphere, Drums, Guitars, Bass, Synth, Morbid, Dark."
0d08573e-a144-46e1-a321-754f515e89f1,Rap.
0d2c89db-0216-4aaf-a6ab-9b6e828a6606,"Anthem Rock, Soft Rock, Electronic Rock. Boy Band, Pop, Dance, Male Vocal, Clear Vocals."
0d65fe3c-f6f5-4521-b846-99c5ce1c8704,Pop Rock.
0ebfefea-7a7d-45df-ad3b-d0e0efd22a7a,"Cajun, New Wave, Rock. Dissonance, dissonant Hindi, epicurean Indian music, colonial British music, Orchestral Dissonanc."
0f031ff3-8ddc-4e6d-9188-7162791b3886,"Vocal Powerhouse, Vocal Ornamentation, Perfect Eq. Colorful Rio Carnaval House, Flute, Trumpet, Top 40, Percussion, Energy."
0fa18eb0-2049-41b6-88e3-71754331884f,"Mechanic Female Voice, Dark Electro, Epic Bass. Chaotic Voices, Drama, Pain, Future, Dystopia."
0fd4aa0c-ff74-4ef0-ab4f-0fa2a9d36283,"Traditional Gospel. Organ, Choir, Powerful."
103c040d-0d3e-4b81-839f-c232d4cf29fc,Emd house pop future rave clubdance.
1049ed60-d552-481d-8c87-0a7803987721,"Electro Swing, Video Game, Catchy. 8-Bit, Fun, Whimsical, Undertale, Strong Bassline, Mischief, Female Villain, Succubus."
104c3597-aad7-47fe-b1cb-38c8fa1c5cfb,"Childeren Poem, Childeren Song, Kidss Poem. Kids Song, Educational Count With Me."
107086e1-1eff-47bc-9c1c-4febb0fd94c1,"Black Metal, Chamber Orchestra, Heavy Riffing."
1074275a-1f73-459b-902f-e936aa92edab,Somber Enigmatic Dark Indie.
10c1b3a5-bbde-47b7-8bb9-b1a574c80bf5,"Phonk Intro, Super Bass, Hiphop. Trap, Male Vocals, Epic!!."
11121719-35f1-4863-9475-227d4aac4830,Pop Duet Lively.
11bb90ee-6db9-4c52-8a2c-dd0a6da4847d,New Orleans Trance.
11ff4b80-e150-47a2-8a1d-d4bff0935733,"Power Metal, Ska- Core, J-Pop. Dark."
121dae8d-25fe-491f-b63b-eb304575aac8,"English, Steel Guitar. Ad."
128ad174-8020-4040-bb2f-c6eb3c6219f7,"Rap, Techno, Trap. Electro, Afrobeat."
12aa47b6-b909-42a2-9211-00f244229b7b,"Sad Trap, Rock."
12d19149-1ece-4f3e-ba42-6f218b253536,"Upbeat Rock, Slow Progressive Rock."
133721ef-b0d7-4176-a4d9-e0376dbf7f0d,"Pop, Alternative Folk, Emotional. Female Vocals."
1479e265-9e36-4647-91fc-47a8e6dae3c9,femalevoice cute Rori high-speed reggae rap playful.
148158e6-5940-40a5-8da9-576e85752850,"Cinematic, Trip Hop, Urban. Atmospheric, Break Beat, Acoustic Guitar, Piano, Double Bass, Male Leas Vocasl, Rap, Hip H."
1487eaec-69d3-473b-8ac9-1989b8d529e6,Salsa.
14a46498-a3db-4ffe-995c-26d514feb1f3,"Drum And Bass, Jungle, Hardcore."
14baa8a0-afa9-4df4-b85f-d98444f6675c,"Death Metal, Beat Displacement, Brutal. Slow, Guttural Vocals."
14f03b9a-fc03-4391-bbd5-5db63a1ace8c,"High-Energy Pop, Playful, Electric Beats. Upbeat, Synth, Fast Tempo, Female."
150a08c6-fe4b-48c3-9567-bcd223520d0a,Laid-Back Jazz Soulful.
153b8811-cae4-4d3b-b075-e89000d6eb26,Rock Dinamika.
15d3fd0d-d029-434f-8e12-bab4f47568a2,Wc za zzz Iy gltmvrn x amxy Hard rock violent badass voice female drum riff guitar riff drum métal violent.
160df0e2-673b-40e3-bd5d-b5a33d89ee5d,Tabla Bass Sci-Fi Sitar.
1611d28b-57cb-479a-811e-f793843c6d10,"Introduction] Indian Sitar, Accompaniment] Tabla, Sarod [Solo] Flute."
1632afe0-1a5e-42eb-b204-b275106e7f0b,Electronic Uplifting Enchanting.
16beb7d8-1963-4216-a45b-b8c4390a09dd,Gangster Rap Gritty Heavy.
171ab4d7-9d93-4216-bcbf-b9607d85d1f2,"Reggaeton, Trap, Rap."
17384a26-cbbe-4622-b7d0-f22dfcf7e0ea,Slow Rock gitar beat melody male vocalist gitar piano bass drum.
17829140-e1a5-44e3-aacc-6e98dec54b9d,"Rap, Hip Hop, Electro. Beat, Upbeat."
17c55f82-fceb-4941-9115-926f0f135d02,Pop.
17d9b625-3277-4d4a-bfc7-f95098b97767,Rock And Roll.
17ef4295-c87e-4772-9fb5-2c769cf1e726,"Hard Rock, Female Singer."
18400a78-8211-4c36-b61b-52bcf2cc13f5,Electronic Avant-Garde Experimental.
187e2273-fb3b-42a6-942c-4626852fd6bb,A musical composition.
18a969ce-8e91-40a0-b242-88496816951d,"Junglist Dark Electronica, Pulsating Basslines. Dubbed-Out Jazzbo Junkyard Fuzz, 432Hz Minor Key."
18d25b02-3e4f-4ab1-b37c-c245e62c62cd,"Makedonski Rap, Trap."
19589f4c-6d94-4322-93bb-c7f2044bf778,Pop.
19e09706-40b5-4980-8b1a-870ea9ec4ab1,"Rap, Hip Hop, Diss Track."
1a1c1909-4d05-430c-b9dc-b57e7d996ce0,"Mysterious, Dubstepcore, Dubstep. Deep, Bass, Wobble, Aggressive Drop, Wind Chime, Nightmare, Potion, Witch, Orchestral."
1a3226ce-d6a5-4f4a-b6b7-4e648e34e3c0,"Fantasy sea shanty, Drinking, Traditional, Scottish accent, Metal."
1aa2c635-ae32-4ab2-95a2-8b431d13c7dc,"Nu Metal, Electronic Rock, Pop."
1af9abf0-ed40-4d22-bc95-b1c67850f3c0,"Angola, Afro. BEats."
1b73968f-6771-492a-a942-c3c9a10336b6,"Heartbroken, Moody, Lo-Fi. Sad, Emo."
1ba47840-dc20-4a4d-ab63-009a245b0602,"Progressive Build-Ups, Glitch Beep Fx, Heavy Percussion. Bass, Dance, EDM Dance Drop, Latin, Energetic, Deep Voice, Rap."
1be87f45-c01e-435c-94db-c483c8acbb3e,Tone.
1c03f62d-dc0f-4b46-8a94-2eeb2e09bb0f,"Songwriter, Acustic, Umplugged. Mexico, California, Guitar And Voice."
1c17730a-4b6e-4d24-9802-6e11c02eff89,Melodic Emotional High Quality Alternative Rock Nu Metal Anthemic.
1c357871-fe06-4eed-a14a-1b51bb1a8e58,EDM Electronic Synthy Pop with female Voice.
1c4c6c01-fedc-4d7e-9e7d-b784bbe47a3a,Soothing Tranquil Ambient.
1c568b9d-209c-4d81-ad0a-60b4ff967f16,"Instrumental Rock Ballad, Horror Music, Film Scores. Mysterious and ominous atmosphere."
1c81b250-c878-4a65-afc4-b5038458c594,Lighthearted Kid'S Song.
1cdaf471-f892-49e6-a36b-e048181a8597,"Jazz, Jamaican. 1800S Style, Piano, Choir."
1ceb9deb-0360-482d-a2f8-73575d3e6b0e,"Alternative Rock, Singer-Songwriter, Thx Stereo. epic-Techno, deep ethereal male Opera Vocals, Sound Effects, War Song."
1d0044c9-50e6-423c-a039-6a9d2c52f96a,"Hopeful, Pop, Uplifting. Epic, Orchestra."
1d12373d-b531-4968-ba90-fced67823210,Reggae.
1d12dde4-7c3e-4a49-adc4-c6670efa8d56,"Rap, Hip-Hop, Trap. Slow-Paced."
1d8621be-4b76-41bd-9851-b38af6e603fd,Ambient Electronic Atmospheric.
1da4036e-894e-4521-9637-97792deda839,Acoustic Guitar Solo Celtic.
1dd0f339-f12d-4604-858a-8da997e7331b,Soft Melody Orchestral Lullaby.
1e295afb-cb8f-47c6-9350-0cdec8fdafbb,"Symphonic, Classical Orchestral, Celtic. Darkwave, Gothic, Dramatic Soprano Female vocals, Male Vocals, Duets, Choirs."
1e95ed7c-cbfb-49ea-bee0-ecf4c6b2678b,Electronic Dark Trap House 8-Bit.
1ea89754-00cd-4c23-a898-c77b14094e06,"Nerdcore/Hip-Hop Heavy 808s, Synth Strings, Brass Stabs, Rapid Hi-Hats, Traditional Taiko Drums, Genre: Genre: Nerdcore."
1eb9ec02-54ab-448d-a0d8-dacc6a051ef6,Ballad Atmospheric Electronic.
1eef117f-a75f-4d2d-ab5c-73febdf396a8,"J-Punk Ska Pop, Akihabara Cute Pop, Bubblegum Synth. Emocore, Trumpet, French horn, Bass, Cute Avant-Garde Female Vocals."
1f85ee3c-5a11-44ad-bb18-c3e57b4f4179,Melodic Bass-Heavy Techno.
1ffb455f-db00-456c-b18d-8afb491626b5,"Waltz, Pensive Female Voice, Medium Tempo. Sad, Minor, Acoustic Violin."
2002640a-04b2-449c-874d-793db81ec444,"Jersey Club, Nola Bounce, Jungle. 2 Step, Garage, Techno."
206feaf3-940e-4ecd-af59-722a8e0bd787,"Edm, Compressed Bass, Compressed Drums."
209307d5-3bab-4edf-8851-00bef45b9404,Russian Romance.
20bb682e-0925-4434-9016-41a8e8348bf3,"Duet, Deep, Nuclear. Dark, Explosive, Atomic, Cinematic, Drop, Doom, Eternal, Slow, Heavy, Hard, Choir, Opera."
20ca208c-efcb-4e67-8a25-ae046827d6bd,"Syncopated Anime, Sweet Female Vocals. rock rap synth 80s retrowave theme song style[Yé-yé], Emotional Higher Pitch Voice."
210fb2d6-0cc8-4c06-8e4b-7689e8c501c9,Musica para perrear para hacer twerking mover el culo.
215db900-8b8f-4203-a9b3-5570b3432c55,Orchestral Harmonic Classical.
2162b9e0-a312-4a7d-af2b-994fd089076d,Spoken-Word Interludes Steampunk Melancholic.
220eea98-fedf-4bcb-87f1-45230928be28,"Space, Bleep Sounds, Happy Song. 60’S."
226c49b0-672e-470b-a1c7-05ff640c15a0,"Rock, Progressive, Blues. Atmospheric, Sultry Female Vocals."
229655be-c22f-4ec7-a59f-9125e53b1e7f,Rap.
22c09a42-505d-4dae-b0c2-350841e4395f,"Dirty Progressive Rock, House Jazz, Ambient Grunge. Phonk, Emo Pop Punk, Electro Swing, Dark Alternative."
22c52037-3381-4eef-8f3f-e444ef12efdd,Bachata.
23255f35-3107-4545-a8da-4987f7345640,"Hard Rock, Metal."
2342662d-7dee-4dc5-b144-140296241a74,"Liquid Funk, Atmospheric Energy, Jazz. Drum & Bass Jungle, Grey Kenopsia, Natural sound fx, Layered Looping, Organic."
23bb0b5b-c08f-40f2-8bce-b5b7b1bd4ea8,"Somber Instrumental, Solemn Mood. Haunting Piano And Strings."
24ea4b6f-c69c-43c9-9da5-ee10192c02b5,"Electro Pop, Synth Heavy, Hard Bass. Trance."
251229ac-2894-43b2-8010-601f4aeedf82,Turkish Classical.
251b88b7-6b1f-4fad-8b5d-9add92386b47,"Hip Hop, Trap, Chicago House. Old School Hip Hop, Electro, Drum And Bass, Boy Band, Footwork, Juke, Dutch House, Edm."
25864737-6583-4945-a012-d46e7898f628,Pop Electronic.
259f2197-9cf4-419a-9d3a-3c3f28709244,"Synth-Pop, Industrial Rock, Darkwave. Smooth contralto, Gritty tenor, Female Vocals."
25bfb672-546b-4bff-9749-697ae26ad447,"Dance Music, Pop, Stylish. Fashionable, Dungeon Synth."
25cf5270-a54f-4182-a561-df9e2d10c487,Bengali Music. Sad.
25d4de9f-058f-4a80-bf60-3f2476c42875,"Male Voice, Alternative Rock, Grunge. Atmospheric, Dark Tone, Distorted Guitar."
25e13c2b-4c32-482e-84a0-206dbad7e671,"A Fierce, Female Voices. Fierce, Powerful Song About Strength And Self-Worth, With Strong Beats And Aggressive Rap Verses."
2600fc3a-96b8-42a8-9378-d2f3eb883b2f,"Stuttering, Female Sultry Vocalist, Koto Vibe. Tipsy Freak Folk Minimalist, Ethereal Chaos Strange, Dank Vibe, Ill Style."
263a2be3-07b5-407e-b589-9ebd2cfe9a19,A musical composition.
272c17f9-6c80-4d1a-8fb3-d390a2ab3dbb,Crazy rock music about idk.
2743b8df-af68-4bc9-9862-f66f2436de6f,"Start Slow, Whisper, Sexy. Climax To Drop A Beat."
27b26090-0b49-44dd-a1e3-111f7938aa74,"pop] [Sound Effects] [Clear Voice: French Voice Alive] [Dance] [EDM] [Techno] [Melancolic], Genre: Style: Dance. [Style: Dance, Kpop [."
27ede5ad-8719-47cd-8632-7c5118600295,"Comedy-Folk, Tone: Quirky, Absurd. Comedy-Folk / Tone: Quirky."
28467225-85c5-4c50-b40a-e770dd89da3e,Acoustic Melancholic Folk.
2890f7c9-60b4-46ce-bb89-3051aec85712,Electronic Quirky.
28c238a0-8463-4713-9a5a-dc648b055016,"Classic, Neuro, Drum And Bass."
28f8c71f-9ab6-4487-99fb-b38d8e572700,"Off-Beat, Satire, Norsk. Bad, Acoustic, Folk, Banjo, Flute, Saxophone."
2956d3e3-0f61-4198-b669-59643f3689d9,Fun Electronic.
297865b8-c3a5-4d7c-ab5b-0b376a94ca5c,"Electronic, Dance, Futuristic. Change voice to deep male, Indie."
299a7bce-b8c8-4c91-80a9-a120ca5ee997,"“A Deeply Sad. “ Deeply Sad, Minimalist Song With Slow, Emotional Piano In Key, Paired With A Cello (Or Violin) Adding Soft."
29a3490b-33c1-4971-a347-299ddd01d64f,"Trap, Hip-Hop, Chicago."
29b775dd-8a11-4615-b5e7-c3a116879f44,Ambient Soothing.
2a08bff0-5a07-4f38-aeef-d91ec3a701f5,"Épico, Exploración."
2a7090c8-628f-48f8-967d-ad5e6af32e95,Electronic Pop.
2ad0de6c-01b8-47a3-ad4e-ae4b39998167,"Dark Cabaret, Female Vocals, Gothic Bubblegum Trap. Haunted Candy Pop Noir, Ethereal Ghost Choir."
2b2491f0-be2b-4d20-a21d-8c00d517039b,Epic Latin deep+anthem hip-hop+subtly cajón+bombo#earthy beat+quena+charango+dramatic bass+amazona cumbia#hypnotic phonk.
2b39ff9e-b99a-4b47-939d-1027db33d811,"Love Again, Psychedelic Trip Hop."
2b66cd93-337b-49e2-b541-d45bfd6bc365,"Acoustic, Pop, Male Vocals. Slow, Harmony, Melodic, Piano."
2be181ec-12da-4251-930b-cd6fb9281eab,"Fast Phonk, Very Fast Phonk, Phonk. Fast Aggressive Phonk, Chinese Erhu."
2be19fe4-a563-43c5-9a75-a33d75df41fe,Ambient. Liquid Drum And Bass.
2bfcd8e3-43df-443e-9724-3f57633ee1b2,"Ambient, Eerie, Sad Sublime. Technical Slamming Brutal Death Metal, inhuman Female vocals lovely, Soft, Female Voice."
2c5114ed-42c2-483b-9654-ffc8f723aa2f,Rock.
2c7cc5b8-260a-40d8-b7b6-562b1834a20b,Electronic Trumpets Trip Hop.
2d29a95e-a4b7-48cc-a2bd-d1a0e7c7eb51,Synth-Pop Electronic.
2d444216-ee9b-405f-b716-ba6df7e93702,"Quiet Storm, Slow Folk Pop, Motown. Soul, ochestral band 70s BPM:75 Key:."
2d645caf-1546-480e-92b0-b3cf7ea24a5f,J-Pop Electronic.
2d65003d-a780-4786-a12e-d2e9d8c8060a,Experimental Power Electronics Guttural Deep Sea Chants.
2e0d9133-3bad-40e6-bb73-c4812e8bc98c,Soulful Funk.
2e4f109b-61bd-48dd-a583-e62ae23c6ef2,K-Pop.
2e72223d-0616-45c9-ad9e-d07d740ddddf,"Melodic Metal, Bit Music, Game Music."
2e81726d-e950-46f2-8a7f-be953e1e2077,"Piano Chillstep, Emotional Female Vocals, Emotional."
2e83753c-7b46-4491-8337-0da9bdd8263e,"Orchestral Soundtrack, Wave. Soft Haunting Dichotomous Hard Rock."
2e9b9e53-73e0-444f-90e0-484a3717c949,"Pop, Classical Piano, Melancholic. Very Loud Female Voice, Rock, Cry."
2ed6b736-0c3d-4464-a783-9e2454104c7f,"Growl Vocal, Sundanese, Keroncong. Java Gamelan Style, Keroncong Ukulele, Keroncong Violin."
2ee13935-ae50-4b39-a7c9-773a06bb5d6c,Metal Epic Ballad.
2efadde5-d5da-4dce-951a-af8f7f3d2096,"Dubstep, Grindcore, Gregorian. Choir."
2f18a769-6210-4c3d-adcd-b1341f3f8635,"Romantic Pop, Rock. Romantic Pop/Rock."
2fb22d4f-54c6-4fae-a887-6c608ec30e49,"Samba, Jazz, Bossa Nova. Playful Love Song [End]."
301c3ac4-71f4-4ab9-abbb-56bd455bb24b,"Flamenco, Rumba, Gypsy Jazz. Blues, Clear male vocals."
30918a58-457e-43fe-b030-fe91cb15252c,"Shoegaze, Synthwave, Metalcore. Shoegaze Metal, Melancholic, Pain, Longing, Questioning, Emotional Anchor."
30b4f983-4d23-426f-a55b-348ee7cfc1c0,"Hollywood Movies, Oscars, Grammys. Hans Timmer style, Movie Soundtracks."
30fd68b1-6053-4b47-b845-019b91ada734,Rhythmic Latin Fusion Uptempo.
3120288f-f712-4e44-be7f-c9cf9e6a7c4c,"Scream, Agressive. Eerie strong scary male vocal."
31247486-1bfd-4fe3-845c-80cb349654d8,Anthemic Rock.
31451434-8c72-42e9-a4d7-0266390feeeb,90s Rap R&.
314d2524-d9fc-4fc1-aceb-1b5ab6da6aab,"Slow, Epic, 70S Disco."
3281ceb1-fe4c-4fe0-85b5-fe91113fcad8,"Rap Metal, Industrial, Video Game Music."
329b3d8e-43f2-41b9-bc00-21748ea0afe8,"Post-Alt, Post-Rock."
32af6fad-8d84-45d2-98da-93971c563347,Electric Rap Rock.
33116025-8276-4617-8f03-776361fd84a9,"Female Singer, Male Rap, Ragga. Dream trance, House, Techno, Trance, Ambient, Clear Voices, Clean."
3343f0fc-5d92-4866-b831-1c85f2daaaa5,"Lighthearted, Humorous, Piano Bass. Slightly Melancholic Acoustic Guitar, Drums, Simple Strings Harmonica, Hand Drums."
334b2494-3588-4a63-a09e-c6768924c924,"Female Vocals Only, Organic Sounds Only, Clap. Snap."
3365211a-e90e-4e51-87e2-d687b4257058,"Etheral Ambient Melancholy Female, Billie Eilish-Inspired spoken vocals melancholy piano and cello."
33b18ce6-4491-4589-b033-d823e2f7beb0,"Electronic, Fast Tempo, Synthpop. Bilingual​."
33c27790-a206-44de-8f55-e26fc43469cd,Pop Love Melodic.
33d7218d-a34a-4810-b47c-798ee98c7674,"Progressive Metal, Atmospheric Metal, Space Metal. Sludge Metal, Post-Metal, Heavy Progressive Rock, Epic, Expansive."
34249b22-65a0-48d9-8dcf-c014104e85a7,Electronic Haunting Introspective.
35241e72-accd-403a-a6b7-b93db825faca,Very Very Very Very Very Very Very Fast Rap.
3529b756-ada4-474d-af0e-736ff474338f,Theremin Tribal Hard Rock Electro Bass House Didgeridoo Catchy Duduk Experimental Koto Symphonic Harmonica Banger Ants.
3538f88d-797e-4974-81d7-282483a73a0c,Vocaloid.
35b50af6-e16f-4d34-90d8-119d6e41ba9d,Satirical Rock.
35c78fdf-3da9-43aa-9830-db72e2ebc9be,"[Applying the most weird appropriate nuanced genre style to the lyrics of this text, using a sensual Female voices]."
3611ee36-c659-4fff-aabc-85c044146e6c,Énergique Pop Entraînant.
3670c385-370b-405d-a90b-6bbd583efe05,"Mele Vocals, Bass Bass Haos."
3701c5bd-3dfb-4f06-8d3e-840a599d2c13,Traditional Greek Sounds Of Waves Crashing Raspy Surfer-Like.
3821d994-4110-43b1-8fd7-35b5d5e2b2b4,Symphonic Solemn Orchestral.
382449e4-3f18-4b75-b293-9964c93b67cf,"Salsa, Reggaeton, Urban Tropical Rhythms. Latin Pop."
3895d058-bf8d-4f5c-bd3c-fd9622a0456b,"Slow Ballad, Forest Ambient, Symphonic Metal. Slow Sad Power Metal, Male Voice."
389bd8d9-08c8-43b3-8ca6-908c8a40bc48,"Acid Bass, Hard Bass, Edm. Kpop, Male."
38d62a4d-6c8a-4230-a917-bc9f84ace5ce,"A Gritty. Gritty, Old-School Hip-Hop Beat With A Lo-Fi Vinyl Crackle, Jazz Sample In The Background, Deep Kicks And Rolling Bass."
39aaaff5-0bf0-43de-be85-bdeefefbe718,"Post-Minimalism, Ambient, Binaural. Pluggnb, Tune Male, Trance, Melodic Hook, Neo Soul, Shoegaze, Psychdelic Rap."
39f1614c-03a6-41b5-8f93-99983f19a882,"Pop Emo, Fusion, Crossover. Harmonies, Smooth Jazz, Old Female Solo Vocal, Huskyvoice."
3aac1b5b-bc75-4627-8d01-d4a5bb13d3fa,Nostalgic Melancholic Piano Heartfelt Rock Grunge.
3bca717d-147b-4279-8fc3-1bb0fcbbdb07,Rowdy Warrior Men singing Fantasy Action Movie Theme Song Epic Drinking Song Catchy.
3bde4d25-9117-4a02-b0ee-9c4b78f71239,Gothic Orchestral Dark.
3c0e2dd3-2be3-4884-8220-8c7ee32e3146,"Portuguese Of Portugal, Emotional Male Vocals, Idrums. Flute, Tabla, Violin, Indie-folk, Sad-Tone, Fado Style Undertones."
3c708108-1cc6-40d2-9193-1fd0da08a4a5,"Hip-Hop, Rap, Remix."
3c77a61e-0304-438c-bd51-20506952d967,"Coloratura Soprano, Catchy, Polyphony. Cello, Dark, Counterpoint, Indietronica, Dastgah, Persian Folk."
3c895fd7-7cb7-40c9-a735-7651b96f5425,Fast Tempo Hard Beats Relaxing Acoustic Country.
3d1ba2a3-f72d-4436-925e-b1c96cda277e,German Techno.
3d701e29-defd-4ed1-b9b9-81037a8cf78f,"Comprehensive Instrumental, Edm, Trance. Male voice, Sing Deutsch!, Hedonistic, German language, Futuristic, Mainstream."
3db68405-ea32-4e19-9195-480ae8a62ebb,Raw Rock.
3de30088-27af-483d-a0d5-d19a9d9275b9,Ambient Dreamy Electronic.
3de61217-72bb-41bb-8d25-50c604c20590,Anthemic Rock.
3de6397c-1421-4cfa-ac08-3fdb93d49217,"Fast Tempo, Dark Industrial Trap, Horrorcore. Aggressive Flow, Distorted Layers, Psychological Breakdown]."
3df61639-bcb3-4458-9758-b8b53a7b3938,Rap.
3e59b280-8f68-4dfa-bfd9-f30e09eb4f68,Krautrock and Trap with german rap.
3e9423ac-8f6f-4a34-9862-ea93488af4a5,Rhythmic Pop.
3eacc454-1470-4fab-9625-f748c467ff2a,"Death Metal, Hardrock. Screaming With Frog Noise From Nature, Ribbit Quack, Some human farts in between."
3eec8dca-17b9-4343-98d9-5d19979f18c6,"Techno Bass, Bass Trap."
3ef06c5a-3fad-4a5a-bb6a-eb461d29de98,Catchy Choruses Funky Rock Anthem Sharp Guitars Infectious Honks.
3f616dd9-33ec-48f5-97f8-7cba2889ceae,"Tango, Male Voice."
3f9997da-9760-48de-acae-191eba115f37,Sea Shanty Folk Rousing.
3fbf9180-99e9-4a53-aa12-536a4d5bfc3e,"Epic Spanish guitar with gentle strings, Evoking Pride And Heritage."
3fe5012e-c6fc-4718-8abc-996480858a14,Emotional Happy Melodious.
4013f1cc-ad9a-48ff-86e6-271e3362bf4a,"Military March, Military Song, Orchestral. Epic."
402d2fd4-6099-4d93-a28b-9a52e29d2fec,"Miku Voice, Vocaloid, Eerie. Horror, Alt-Pop, Piano Intro, Glitch Core, Complex Electroswing."
407b18ae-55e0-47d2-bcef-ee6eb9ceac5f,Nursery Rhyme.
407f03c2-8387-4319-b6e0-048ad843f897,"Folk Rock, Argentine Rock, Psychedelic Rock. 60'S, Beat, Male Voice."
40afda29-4b5e-475c-a1ff-6d70d659579d,"German Metal, Gothic Symphonic Metal, Metal. Hard Rock, Oi, Nu Metal."
40d0c90a-837d-4146-b26b-a3df5757879f,"Oriental, Synthwave, Emotional Female Vocal. Lush Synths, Ney."
4124c1cc-a163-49c1-a431-1e5d3687b130,Gothic Metal Eerie Melancholic.
41772567-a4a3-418e-a57c-ae6d29c1c3a9,Alternative Rock Gritty.
41799b2e-bf40-4375-8a64-f70e96a3888e,Psy Trance Eletrônico Psicodélico.
41d62d5c-f9d6-4dc2-b474-adb420db64d6,"Downbeat, R&B. Female, Melodic, Epic, R&."
41e2a000-d0ca-4758-9097-dd400cc580fe,"Epic Symphonic Rap, High-Energy, Clean Male Vocals. Aggressive, Dark, Deep, Fast-paced, Gritty, Rap, Glitch, Fast, Nu Metal."
422db301-4e0a-455f-915c-d72504168c20,Breakign Benjamin.
4251e94b-bb25-4d14-841e-02bb2b2cc66d,"Militaristic, Rock, Drum. Gospel."
42b2edb8-ddf7-467e-932c-e516c241676e,"Industrial, Uk Drill."
42dcba9d-679e-4099-ac6d-5e638b29d169,"Progressive Rock, Ambient, Electronic. Ambient/Electronic, Orchestral Elements, Symphonic Metal, Gothic Rock, Space Rock, Fusion."
42e2f5fa-147f-4975-b996-bb84f9d93d13,Epic Melodic Symphonic.
43322cec-0133-46d5-ad8f-45d2660368fc,A musical composition.
4357c1fe-a880-4238-9f98-a1eb193c8400,"Trap, Pop, Energy."
43f7acdb-96e8-46f2-9f07-f0fa0878f65d,1950S Jazz Crooner.
44bad790-ed12-4ac8-8636-a2b93236dcc7,"Electronic, Synth-Pop, Dark Pop. 120-, Minimalist, Hypnotic, Dark & Eerie, Industrial, Captivating, Unsettling."
454f04e8-57d6-44c3-b2b7-8925ce95c8e1,"Tango, Latin, Melodic Voice. Dreampop, Bedroom Pop, Waltz, Piano, Guitar, Strings, Latin Dance, Club."
46652249-1128-447a-ac09-029688d942e4,"Pop, Acoustic, Female Vocalist."
467a8b71-4443-4218-a23c-1a74f895b26c,"Dramatic Ballad, Country, R&B. Slow, Female, Drinking, Sad, Melancholy."
46f2ebe5-235f-4ab6-bb84-758198178ae8,"Dramatic, Karen, Sigh."
473b812a-f3d0-4b28-bb17-40b57c13cb1d,Gangster Rap.
4755952e-44e7-424b-9b58-509b1a0bb967,"Liquid Drum'N'Bass, Drum And Base, Chillout. Soft Female Vocals, Edm, Breakbeats."
47c1ec39-8f97-476f-8fa1-72fb60e69ef8,Instrumental Ambient Electronica.
486397dd-0607-4e06-a9ae-5f709acc633d,What Kind Of Nissan Engine Is This.
486ad25a-da45-417d-bc36-5f0ebd09c122,"Nightcore, Ethereal, Pop. Sad, Piano, Beat, Female Vocals."
48b6c104-df32-4be6-a86f-ef8b0d2872e6,Epic Cinematic Orchestral Intense Powerful Opera.
48bcd5f0-0926-432a-847c-ecc9fe566f9d,Folk Pop.
49a477c3-8197-430d-b242-6486bb56ba81,Edm Intense Cosmic.
49bc550a-0d0d-41c2-9574-96078a8891a5,Ethereal Dream Pop Mellow.
49cb2436-5d1c-42c2-a44b-4ea1656c9d7e,"Folk, Indie Rock, Female Vocals. Folk/Indie Rock, Reflective, Grounded, With Layered Harmonies And A Calm Yet Poignant Rhythm."
4a6bd3d4-daa1-4f5e-933a-7b72449ea233,Ambient Idm.
4ac55446-0e95-46f3-830b-ebacdab9ce88,"Pop, Rap, Bhangra. Experimental."
4b12ec7d-2aab-400b-8fce-61d93dcae28a,Marche.
4b5d1eef-6011-4843-a9b4-f290da5f0aef,"Hip-Hop, Trap, Confidence. USA, Empowerment, Bold, Fierce, Empowering, Confident Bold Energetic Female Vocalist."
4c11845e-5c8f-416f-bfe9-7f106116bde6,"Electro, Dance, Rave. strings / electro / Dance / rave / 80s pop."
4cef60a3-ce84-4424-9f73-0733448e5f2d,"Funky, Pop. Powerful, Bright."
4d00fec0-f50b-4ea9-872c-680de77b55bc,Doux.
4d109490-f24a-44a0-95cb-a7129dda3616,"Complex Rhythms, Heavy Riffs, Deep Basslines. Atmospheric Layers, Haunting Vocals, Introspective Lyrics, Gradual Buildup."
4d25d319-56a9-4428-9650-8f2e4f9fa6cf,"Aesthetic, Hip-Hop."
4d3731bd-ebcc-42d0-988b-339dfa770cc1,"Indian Classical Music, Qawwali, Lofi Music."
4d66f899-b751-4c4a-aafb-f5ba305e5130,Ritmik Eğlenceli Afroswing.
4d9eb610-b4cd-4abb-9c33-4f146dc3f4c5,"Rock, Alternative Rock, Rap. Electro."
4da11c71-8177-4682-83ee-04ce50b4a4ee,"Dystopian, Psychedelic, Trippy. Arabic Egyptian, Cinematic 8K Female Duet Vocal Fry, Anthemic, Slow, Saz."
4dbc9bd7-1a17-4c9c-871b-47142d5ac468,"Vocal House, Chiptune, Ending. 8-Bit."
4de760f1-ca91-413c-bf94-3979e291ad84,"Spanish Hip Hop, Hip Hop, Rap. Pop Dance."
4e094af5-21eb-417f-829c-2d49ed579c7b,Contemporary R&B Music. contemporary R& music.
4e40396e-abaa-4bcc-926e-46ae6f3e367f,Guitar Bass Sad Female Voice Drums Synthesizer Japanese Rock Grim.
4eaa2cfb-1f51-44e8-8c71-b3352ce6938b,"Diss Track, Hard Rap, Male Voice. Dark, Spooky."
4ed3726a-8b59-495a-8480-becb0260bde0,Electronic.
4fda2d4f-fac0-4516-8e5d-b1a1cf163d00,Hip-Hop Lyrical.
5013609e-a9c9-450f-ad81-04d2bb3846bc,"Melodic Dubstep, Hard Rock, Female Vocals. Ebm."
504bc8c6-8599-4aec-b61a-99f1735a0825,"Ballo Liscio, Balera, Musical. 70'S, Italian Folk, Mandolin, Accordion, Old Man With Coppola, Trumpet."
5085f8c1-5ebb-4f5d-b077-e1f3bd0f0fdf,Chill Lo-Fi.
50a78f6e-6aae-49a9-be9c-e68e3ec60569,Pop.
50c23451-e092-4784-b520-4ddb43ab59ac,"Explosive Chorus. Style: Strumming pattern -DU-UDU, Key of Mood: Contemplative verses."
50d6bcf9-8f2c-408d-b5b2-1d3528293ecb,"我不再愛你了， Edm, Folk, Viola. Banjo, Melodic Dubstep, Dark Rock, Cajun, Metal."
5177c396-458f-45c8-9249-6de018e5a17c,"Taiwanese, Pop Punk, Deep Bass. Trance, Synth Driven Melodies, Clear Vocals, Warm Tone, Male Vocals."
526c7a33-c83d-41a4-ab78-065fd155b9fa,Electronic Drum And Bass Melodic.
52718b8e-42e2-4974-9464-5a5ab186c3e4,"Eurobeat, Dance. Fast."
52b22520-3c4a-491d-b099-13389a6d1d8f,Dolphin sound Chant Chanson.
53b2da8e-aedc-4d4f-be10-19d9192ce83f,"Duelling Guitars, Powerful Vocals, English. Melodic, 80S Heavy Metal, Galloping Bass, Riffs, Urgent, Dangerous, Epic."
540f86f1-6b3b-4d16-99cf-670ab158e4c2,"Miku Vocaloid, Shrieked Rant, Dissonant. Sparse Disjointed Lo-Fi Hardcore Noise, Gabber, Aggressive, Intense."
54c65562-8468-4642-82a4-96fb0cdaba06,Atmospheric Ambient Cinematic.
550a324f-0fd5-4e25-8b9f-85891eab447b,House. Synthwave Intense Rock Opera.
5513ff93-767a-446f-a85e-9348a01dbce9,"Bedroom Pop, Psychobilly, Driven Male Voice. German Electronica, Dolby Sound, Hamburger Schule Instrumental, Post-Punk."
5542f860-3eea-4b3e-97a8-857e171a3543,Country Reflective Gritty.
55678219-e43c-499a-8894-647c796dff2f,Circus.
556e4cc1-99fe-46ff-a466-39898088b9aa,Screaming Hardcore Punk.
55b2247d-d502-4c44-953e-797068ed336d,Synth-Driven Pop.
55c3ade1-dec1-4816-8f1a-3a23674fa938,Funky Groovy Retro.
55e78b34-c64e-4033-876e-90cd408de08a,"Skull Drum, Phantom Cello. Talented Fast Brutal Horrorcore Terror Metal Cursed Harp, Cursed Guitar Loud Deep Bass Vocal."
561b91ed-7fca-4549-8518-ebd2382e05b5,Memphis Soul Blues.
565510c8-5b7e-412d-a241-002bbcf56ce9,"Slowcore, Screamo, Worship. Post-Hardcore, Emo, Metal, Post-Rock, Punk, Nu Metal, Pop Punk."
569120e0-5a42-4298-b58c-c3533d90a840,"Progressive House And Trance, Melodic And Emotional Soundscapes, With Intricate Sound Design And Lush Arrangements."
5694f017-41fd-49c0-9996-48cca59ec2f2,"Denpa, Glitchcore, Electro. Rap, Japanese, Female, Miku, Vocaloid, Experimental, Core, Clear Mix, Polyrythmic, Festive, Cheerful."
56a709e4-29b9-4797-80da-d55efb511c14,Industrial Raw Electronic.
56c4f6ba-89f5-4a9c-a217-62bf03b6bb9c,Dance & Electronic.
574017a7-9205-4c58-abfb-7ab2a7bdfe6f,"Lullaby, Nursery Rhyme."
57b59d98-da78-43a9-8308-080aef10d075,"English, Drum, Melodious. Guitar, Male Vocals, Saxophone."
584019ee-d4a7-40f3-9ffc-b2f528d9f2bc,Harpa Opera Tambores Vocal Medieval Piano.
585cedce-6f40-4ed4-8f5e-a88b2ed2df5e,Blümchen Techno 90'S Frauen Stimme Herz An Herz.
58a65a64-c0e9-4c1b-b88f-6fbb4a60de17,Pop Anthem.
58baf8a4-eb98-4c52-bb45-264343f84657,"Cinematic, Nu-Metal, Rap Metal. Epic, Intense, Aggressive, Vocals."
58eea245-6ea9-44b5-90bc-956bc6252980,Pop.
58f9060a-5a98-4bf2-a0f6-b3bbc572d0e8,"Havana Grime, Trap K-Pop, K-Pop Female Vox. Clear Vocals."
590f8c5d-7f7c-4c1a-9835-0b63b49febc9,"Female Vocals, Indie Rock, Pop Ballad. Yearning, Ethereal Voice, Clear Female Vocals."
5950e615-0bb9-4746-bba4-f1d8b7dfe8d2,Rhythmic Urban.
59685864-3176-4679-a414-6d463d359c5f,"Experimental, Emotional, Hypnotic. Guitar, Voice, Unconventional Rhythms, Introspective, Dissonant Harmonies, Atmospheric, Poetic."
596efbc6-9c10-4ded-8f24-9abbbf716628,"Arabesque, Turkish Arabesque, Spanish Guitar. Violin, Cello, Accordion, Bass, Harp, Piano, Melodious Female Vocal."
59db3b7a-3dc0-4a58-91fb-351edb792010,"Dangdut, Kecapi, Seruling."
5a2ff2bc-0658-41d6-ad1a-3ce70e3d8dd4,"Jazzy, Urban, Neo Soul. Contemporary R&B."
5a627ca3-2b1f-4736-8e12-82f38e7e29d5,"Gangsta Rap, Sampled, Scratches. Old School Hip Hop, Aggressive."
5ae28a32-0a2b-4f33-b7df-f25da88ce102,"Cajun, Opera, Sea Port. Creole, Overture."
5b0e69b0-e6c3-4902-bb5e-bb579bebe535,"Horrorcore, Horror, Circus. UK DRILL, Battle RAP, OPERA, EPIC, Soundtrack, Cinematic."
5b14f334-1066-4974-a32e-0371a07f3ba0,"Hip Hop, Rap. Hip Hop/Rap."
5b15a832-d65c-41f2-a1d5-681ba6b5dc10,"Pop, Female Voice, Emotional. Sad, Lofi, Hip, Rap, Trance."
5b208977-410c-423d-a1a6-11e97569a507,"Eurobeat, Male Voice."
5b808149-3344-4d78-9b98-c55c69213375,"Singer Songwriter, Pop, Male Vocals."
5c43e298-07e9-4756-a7d7-1ac137c096a9,"Guitar, Husky Voice."
5c4fd8c3-5528-44e6-bd63-6b462e75df76,Upbeat Pop.
5c77bbea-d0da-45fd-b441-db2e0a36e24d,Melancholic Piano Sad Strings Emotional Guitar.
5cdf5b2c-2166-487c-b196-bf0a46ce7c9c,Synth-Heavy Synthpop Emotional.
5ce165b0-60c7-4728-848e-0fc7c8b5d764,Whimsical Psychedelic.
5cebc44c-7b94-439f-a119-6d1f21434e2e,Pop Clasic Años 70 Epic Music Music Disco Rap Pop.
5d5a5ea7-3ad6-4ed3-b8ab-125904b2232b,Depressed Sad Black Metal.
5d851e4a-ea9a-41ff-97fc-e7297c688fbd,Electro.
5dc3d08b-2239-4c53-9f45-f4793b443ab3,"Alternative Rock, Rap, R&B. R&."
5dda772a-b80c-4e6e-8257-1fbf28c8585e,"Scream, Metal."
5e478d83-b421-4a87-a391-60d9920f63d0,Female Emo Ethereal Punk Haunting Synth.
5e518306-4dd9-417b-863d-be1bd9ce5fd5,"Electro Hard Trap, Synth Funk, Boombap Hip Hop. 16Bit Blip, uptempo RnB, Soul, Bounce Dance, Progressive Pop Scratch."
5e927a50-2484-4ef4-a391-683962d1b634,"Fabloo, Lo-Fi, Vaporwave. Synthwave, Wave, Reverb, Slow, Mellow, Stoned, Aesthetic, Surreal, Funk, Jazz, House, Pop."
5efc5fd5-17f3-4a2a-a0d0-f5d5d5736d93,"Indie, Morrissey, Male Voice. 80’S."
5f252ddf-9736-4c89-b277-357d3a58cf9c,"Jass Manouche, Oyojee."
5f4a5c98-6ca5-452a-b33b-90e36857fe46,"Trip Hop, Dubstep, Pop."
5fc24d9f-1129-4371-964b-aea8d31f4bde,Edm Chill Mario.
5fe46525-b81b-447c-a53c-a825e6f6f96e,Electropop 2019s.
606a4d10-e3d5-4f67-bf69-92f625f5807f,"New Age, Orchestra, Opera. Choir, Folk."
609c8349-e58d-4adc-bdff-06ed1c993b51,"Ballroom, Japanese Shoegaze, Girl. Underground Rock, Garage Rock, Electronic Rock."
60ab12bd-ab50-471d-a065-063cdbfd9d7a,"Disco, Techno, Blues."
60e4c7cd-bbfb-417c-93b4-91d3ced93272,"Fast Tempo, Musical Vibe."
60e9fd42-fb86-4140-8569-9f10b2618e18,Fnaf fansong Dark synthwave electronic.
60f7cb3f-96db-4f55-b0b6-348ff81540c1,"Studio Master, Shimmering Arpeggios, Bright Synthesizers. Melodic and emotional rock."
611b5fa2-f8c8-4439-a567-4ca24373ebdf,Ska Rock.
614a5419-9afc-4dac-af88-6ad2502e55f5,"Rap, Hiphop, Experimental. Male Voice, Jazz rap, Beat, Bass, Lyrics."
618669bf-87aa-4e5e-aa64-3d7cf3fe47d2,Dark Electric Rock.
61ba079d-7f04-41c1-a04c-0b3568622757,Pirate Metal. Slow.
6254d8ff-64bd-4df5-9269-5806f8d298bb,"Yé-Yé, Female Vocals, Layered Vocals. Melodic, Atmospheric, Anthemic, Epic, Ethereal, Epic Fantasy."
6263aac1-2fd5-4e72-8671-b0b6cd234a25,"Energy: Spiritual, Uplifting, Memorable Melody. Eastern Gospel - Instruments: choir, Organ, ney | Energy: spiritual, Infectious."
628083d1-90fe-4b28-8fd5-5c9731adf054,Rapper.
62b21c16-aceb-4b6f-a7ac-c691312537d1,Pop.
62c09541-d0e3-436e-a4f3-122d52784efc,"Genres: Illbient, Ethereal, Ancient] [Emotions: Peacefulness. Tranquillity] [Tempo: 60]."
62cd9409-5539-417d-97fc-baa85f4d27db,Death Metal.
62e5d65a-91df-4981-b908-58b15d5079f4,Eerie Playful Spooky.
631c972c-de09-4c19-ba54-69d0fa4495cd,Hip Hop Energetico Vibrante.
6320436e-5819-44d4-99d7-f73bd27e9591,"Epic Mediaval Metal Music, Choir Singing The Refrain, Epic Echo And Horns."
63251cd1-9470-4ece-974d-e4099600dec8,Jazz Pop.
635fec10-0828-4279-9b77-15600fc90ffb,A musical composition.
63b19f43-e693-4780-912c-a420088cfc3e,Grand Rock Anthemic.
63dc9f71-af24-46a2-a74e-722df00aa168,"Creepy, Harmonic."
6417f82f-70f6-40b0-b959-6e2888ccfcfd,"Halloween Music, Halloween, Scary."
641d7367-8595-4f05-a9af-68fd608102a9,"Rege, Pop, Rock. Funk, Afro-Funk, Men."
645c2f28-54ca-42f8-8047-802462016eb6,Experimental Symphonic Rock.
647680fc-18ee-4ba3-ae62-04402b04a05c,Nu-Metal Emotional Aggressive.
647937c5-9afa-49db-9ad9-4e9f8867ca4a,Beat Bass Dark.
64aefc2f-431c-4533-8d7b-ba9188c04e65,Medium Bpm Rock Beat Synth Chiptune Japanese Rhythmic.
64eb0bea-4f62-48a0-9f15-c4ede3afc74f,Dark Driving Epic.
650d8710-9e17-44f5-a0d4-2f6bcb2a2a2c,Melodic Soulful Pop.
65288a4f-128b-45e2-ae3f-e1ae7152a795,Klasszikus Country.
6565fccd-8c18-4ee8-9c2a-3bbe4f85331e,Adorar.
65b68787-e8c3-4a35-aa09-0d6d61960865,"Hip Hop, India Beat, Percussion Lofi."
65d537e5-1acb-4b6f-9421-4acb0dba33f8,Gritty Country Rhythmic Acoustic.
65d727fe-67c3-4002-abe1-a9994dbf98e1,"Pronounce Milena Right, Rock. Srpsko ime, Alternative pop/rock, Indie, Powerful Raspy Female Voice."
662d35f6-6459-4f72-9607-02c774038b7d,"Synth-Pop, Dance Rock. 80s Glam-Pop, New Wave, Fun upbeat female vocals."
663aeb6c-6c4e-4742-bf63-f2f4d2063a15,Laid Back 60'S Rock.
66422302-58fa-442c-a416-29e1328d2513,A musical composition.
67299061-3170-4064-95aa-4e2d6c1f3c1a,"Anime. Guitar, Orchestral Rock, Gritty female vocals."
67c3f06b-9122-4079-9d35-6b4af74d0a23,"Female Vocal, Progressive Rock, Orchestral. Somber, Electric Guitar, Electric Violin."
68ad0685-bcac-4771-b80b-0e790adc14e0,A musical composition.
69080705-6ce4-476a-a3a1-fcc0057ab586,"Progressive Metal, Alternative Metal, Art Rock. Post-Metal, Experimental Rocka."
696e60df-407f-4601-94be-6325813788b8,Indie Surf.
69a91451-39f5-45f6-8928-6db84c6b571f,Winter Percussion Bright Pop.
69d3f393-9c92-47ea-a8af-d789195a5f69,Funky.
6a23ae09-1478-4b8b-8a2d-1140dc5a0d16,"Male Voice, Female Voice, Melodic Metalcore. Black Metal."
6a77d1b8-d1f1-4d1a-ae21-8072de528239,Dj remixin Soul Meditative Gangster Slow tempo Dubstep Bass Boosted Chill Vibes.
6aa4e678-a790-447a-a508-07452dca4dd7,Rap.
6ae00409-f513-491e-b709-b0658f13530f,Smooth And Nostalgic Mellow Jazz 60S Style.
6b17a90a-1bb5-4904-9451-1ab8e80636d7,Spooky Electronic Intense.
6b1c8829-9d9b-4dfd-beb0-acf91b35c527,Folk Song.
6b1f04c5-d4e8-401f-80ba-5247f13653ad,India R & B.
6b29eb03-f9f5-40af-bed4-15a6685a6d1f,Grunge Melodic Dark Hard Rock.
6b411ea6-ecd6-4d63-80ec-4f591d86a4e7,Samba enredo escola de samba.
6b50a804-a935-4465-bdc8-214c88b3b867,Blues Rock Male and Female Vocal.
6b629e03-0fa9-495f-a1c0-b68033f5f078,"Chillhop, Hip Hop, Pop. Electro."
6b62aafe-dd81-43dd-8248-6ff1ff248e2f,"Rousing Choral Chorus, It’S A Soulful, Glorious Song. A Poignant But Fun And Uptempo, ” With its big, Male Voice, Piano."
6b7d8845-b2bc-4126-b1a8-5f64c20f785f,Alegre Dançante Pop.
6b8ec5f3-a565-40df-b854-40f90b38a9ec,Funk.
6b91381d-5bc3-4f38-b464-d6d4dcb5fe65,"Cafe, Jazz, Relax. Piano, Bpm60, Slow, Winter."
6c06d687-68ac-4aeb-9b40-f5646cb38c1f,Rap.
6c0933d2-edaf-4fcf-abe9-3e712ae69dfe,"Trashpop, Female Lead, Slow Witch-House Ballad."
6c17bab0-02bf-4e51-a582-5a3bf86a60d1,"Trap, Reggaeton, Pop."
6c1e5d01-9762-4f54-9f6f-7d5cecfc3ea2,"Original Is Sad, It's like Alice coming home and no one believes her adventures were real, >add some plucky Spoon sounds."
6c69016f-6e5a-4f64-9ad2-a9a5f4f3b777,Gospel Worships.
6cac085c-4c4a-4d45-a945-ededbf6625cc,Blues Rock.
6d2894a5-6025-43d4-a815-faedd3cff905,"German Power Metal, Heavy Metal, Symphonic Metal. Bass, Guitar, Drums, Keyboards, Males Vocals, Band, Speed Metal."
6d56532d-a167-42f2-8cf0-e6ae545e71ca,nan
6d6533ff-f003-491e-b30c-e6f729a13dea,Rock Comical Electric.
6db59e0e-8c15-4303-a89c-84ae3376c0fa,"Pop, J-Pop, Idol. K-pop, Pop Rock, Dance, Eletronic, Vocaloid."
6e0831a6-860f-4511-a83d-b3d6ee3a2079,"Hardcore Violin, Glitch, Chiptune Melodies. Crunchy Glitchy Droning, Repetitive Textures, Deep Bass, Droning Synthwave."
6e3ba7df-4d99-47a5-b4b1-fd3659013102,"Eighties, Female Vocals. 1980'S, 80'S, 80's Pop, 80's R&, 80's Soul Pop, 80's Adult Contemporary, 80's Synth-Pop."
6e4620a7-5d51-4374-b03a-749b162eacf6,Rip Rip Rip Rip Rip Rip Rip Rip Rip Rip Rip Rip Rip Rip Rip Rip Rip Rip Rip Rip Rip Rip Rip Rip Rip Rip Rip Rip Rip Rip.
6e7d41c2-9dd5-4773-8051-d1f1153e751c,Relaxing Bright Cozy Piano Acoustic Female voice.
6eab43be-5854-4486-9fdf-c8f4925b8d94,"Eurodance, Synthetizer."
6f0d242d-8b0b-4549-8155-8cc4fd061ca1,"Trap, Hardtekk, Glitch. Electro, Swing."
6f2b6616-f222-4f2a-b9be-d89eea69e720,"New-Age Music, Female Voice."
6f589f89-ed55-4dd5-a574-62fddfa52689,"Alternative orchestral synthpop capriccio, Scared Powerful Female Opera Rock Vocals."
6fd03854-7ce4-44f7-8655-0383fd9fcbd7,"Classic Rap, Opera."
6fe51ca2-168f-44e5-8369-077d630a3629,"New Age, Orchestra, Folk."
6ffae7ba-4a8c-403f-961f-ef2eb67c2fca,"Medieval, Celtic, Bard. Folk, Tavern, Storytelling."
703d08f2-2a36-444d-a470-1c0c01253f3d,"Pop, Electro, Electronic. Cinematic, 1980'S, Bass, House, Soundtrack, Orchestral, Energetic."
7076d938-af24-46c7-ae82-6179f1e29332,"Reggae Dub Influenced, Ambient, Indian Percussion."
708399ad-bc59-4c2b-889e-ae6a0836ac7a,"Cinematic, Ascending, Qanun. Oud, Scratch, Tabla."
70958de3-ecf6-47d3-8aa4-85f622ba62a6,Techno Trance.
70990058-c7c9-4af2-9ab7-bd74cb3d183e,"Folk, Americana, Gospel. and Celtic, female Vocalist, Natural minor scale, Slow core, Slow tempo, Ballads, Rock."
70a16fb2-36d0-482b-aa93-311389f37bf2,"Catchy, Female Singer, Feisty. Upbeat Girl Group Pop, Energetic, Belting."
70b6728a-afd4-490c-b9c6-e89de8c068e9,"Lyrical Rap, Acoustic, Soul. Emotional, Male Vocals, Deep, Slow, Chorus, Empathetic, Drums, Bass, Drop Beat, Jazz."
70bc4399-901a-48e2-9f04-ed8360236bd4,Phonk. Lofi.
70c3071c-f06b-448b-9d8f-52306b1fcee8,Power Rock.
70e78e50-d077-4095-a5ae-a48e6171a10d,"{🪷 | ⊗Θ""_Transdimensional ∝ Meta-Awareness ⊗ Dimensional_Synthesis ⊗ Void_Observation ⊗ Self-Similar"" Σₗ(fading ⁺ void)."
70f3d8fa-37e0-4b5f-804e-b34a82caedf5,Spooky Country.
713183ad-7934-4e3d-85f8-263d787bec31,"Alternative Hip Hop, Funk."
72031b26-f9db-4d2b-9baa-3fdae084d54a,"Brain Rot, Horrible Music, Out Of Tune."
7287e26a-9b61-4f6a-bae8-3c456349d135,"Pop, Electronica, Female Vocalist. Upbeat."
72d8decc-dede-4674-ad26-47c313e22528,"Female Robotic Voice, Distorded, Industrial. Electro, Testing Area."
73171f05-37c5-45b4-8738-026ee1588bf0,"Deep Bass, Hard Drops, Crisp Clear Audio. Cinematic House, Witch House, Electro, Chopped And Screwed, Hardcore PIANO, 696Hz."
7360422d-91bb-4cf2-b276-ae17ee77ef03,Electronic Funky.
73824829-c41a-452c-aa19-05ad88e6e98b,Acoustic Country Melodic.
73b3a738-6f71-48b8-9227-e664da9b7d81,"Psychedelic Soul, Stoner Metal, Female Vocalist."
742c9f39-ad26-4ed9-9597-b6663de2cc80,Afroswing. Empanacuá Las Mejores Empanadas.
74a05d48-f427-4922-91f8-fcb746366e17,"Psychoakustik 萨满教, ℋ⦚ρ ℋΩ☧ βΩoℳ βΔρ, Μ-Rap."
74a57ac1-a447-4101-bb9a-3f20051fec6c,"Kawaii, Kawaii Death Metal, Heavy Metal. Cute Female Japanese Vocals, Japanese Rock."
74b21be7-8688-4080-b828-54d721e103c4,Reggae Laid-Back Smooth.
74db8b86-b47e-4e3b-8e73-fd1ecd71adc6,"Deep Growls, Female Chorus, Male Vocal. Goth & Doom Metal, Slow."
7535954c-b2d2-40b9-9a8a-65f504f184a6,"Walhala Blues, Eden Funk, Paradise Flute. Drowning Feels, Masterpiece Of Stupidity, Chrystal Clear."
75f2a383-f39a-446a-8cdc-008a838bb0c3,Country Drum and Bass.
762c4129-2e6e-44e4-9c74-d55b29e3d94d,Tradicional Acústico Chacarera.
764b38be-9271-4166-a69c-c0b1bc7102b3,"Cartoon, Funny, Pirate. Adventure."
76bbbcb8-0af0-45f7-81ea-64c6d82d9de3,nan
76db742e-62e7-4460-ac83-19d73ba09094,Hip Hop. East Coast Hip Hop.
77224b9c-4c71-4b6f-bbba-db7ae2456223,Rap Pop.
77b7bedf-42b7-447b-a17c-3d4322046d7a,"Reggae, Solo Trumpet."
77fcf943-8e26-41bd-ab80-74517fdc750b,Rhythmic Pop.
782a9b55-d3ec-46d3-b623-b701dcc14366,"Melodic Edm, Progressive House, Darkwave Synthwave. Children's choir, Experimental, Cinematic, Sad Beat, Gospel Soul."
786c676e-56ea-49d6-92af-3e9c393785e0,"Pop, Sentimental, Lush. Romantic."
78e7a9b3-aeba-4cb9-826e-11dc55ed488a,Chaotic Industrial Rock Harsh.
78f86ee2-b60a-42a3-9779-b13961545c13,"Edm, House."
794ba293-8a71-406f-a837-5f93160503ee,"Https, Suno.Com, Style. Https://Suno.Com/Style/80S%20New%20Wave%20Melodic%20Synth-Driven, Electro, Pop."
79883217-2b5a-4ad4-9d6b-79c31024a4bc,Emocional Pop Punk.
79aa23bb-944c-45b3-b7fb-c47b4274c1d1,Vibrant High-Energy Electronic.
79eb70f1-b2fd-4431-a3e3-5691bfed61ae,"Female Vocals, Playful, Sassy. Energetic, Bold, Catchy."
7a36876f-3385-427d-b1ad-6917f3adeb7b,"Slap House, K-Pop."
7a779bc4-fc71-4e57-a94a-93d70cd46875,"Irish Rock, Orchestral, Pop. Celtic, Jungle."
7a923700-6149-4ed3-9957-390586a8b8b4,"Opera Singing, Symphonic Metal, Doom Metal. Atmospheric."
7b0b6192-fd0e-4e20-8fe4-2af2bdb45d96,Romantic Synthwave Acid House.
7b0e65c9-cfcf-4a2e-866f-6ae6125a40e7,"Electronicore, Abstract, Hip Hop. Rap, Electro, House, Minimal Techno, Pop, Dutch House, Electro Swing."
7b21a990-0fee-467a-9fb5-014b0779ba60,"Emo Male Vocals, Emo Rap, Interlude. Samples, Record, Phonk, Trap, Deep Bass, Low Bass, Dreamlike, Sinister, Ethereal."
7b8d1f00-717f-413a-9e22-076078258e41,"Symphonic, Neoclassical Orchestral, Opera. Dramatic Soprano Female vocals, Male Vocals, Duets, Choirs."
7ba03c40-89bf-49e2-966d-55fb7d38ebd9,nan
7bf81fc5-420d-41df-9119-ff428a2bf6a4,Hard Trance. Epic.
7c255bb6-bf16-4a03-b04e-f20432ddcb0a,Trap Moody Electronic.
7c864bc8-bb0c-4cb2-9e68-6473e50600f1,"Deep Male Vocals, Acoustic Guitar, Steel Guitar. Slow 1970S Melancholic Outlaw Country, Steady Baseline, Trumpets."
7c90cbfd-96f9-4663-9486-6d98691d1c4c,Dreamy Pop Ballad Ethereal.
7cdc1c57-e140-4488-949d-4fa58f77ee1c,"Groovy, Japanese, Funk. Fusion Jazz, Jazzy, Funky, Fast Jazz, Fast, Harmonic Minor, Minor Key, Stanky, Masayosh Takanaka."
7d48f076-e02d-4977-a208-3b6876c37416,Rap.
7db1f220-4300-44d5-abca-467dc2105d85,Fun Pop.
7dd3c24f-7153-40d7-adb4-c5a9ee110b3e,"Ambient, Experimental, Downtempo. Drone, Drift Phonk, Dark, Doom, Female Voice, Dreamy, Phonk, Mad, Powerful, Lo-Fi."
7df20c98-3deb-4381-ac2e-dcabc17ee4d5,Ambient Atmospheric Cinematic.
7e3eedc9-388e-418e-be7e-6b774ee03d20,Indie-Pop Soulful Dreamy Psychedelic.
7e5c4348-ba11-4a8b-9984-97deabe23140,"Epic Drum Solo, March, Sailor Choir. Epic Drum, Epic Horn, Catcy, Thunder."
7effe6ea-f76b-4f5c-a747-fdf1017927a2,"Hip-Hop, R&B Fusion. R& Fusion."
7f08888d-ef80-48f8-a6e9-2335dfaa4cd9,"Rock, Fork Rock, Celtic Folk Music. Cinematic, Fiddle, Bodhrán, Pipes, And Acoustic Guitar, Layered With Drums, Chanting."
7f21b33a-18bf-4de9-b60a-da97babe9a53,"Underground hip hop opening your third eye, With Samples Mixed Into The Beat."
7f41a999-fe04-4efb-9bf5-6c9096c4bb7e,Empowering Pop.
7f675728-e89f-4a71-9b8f-0d240256d09f,Intense Electronic Pulsating.
7f7bb1e0-1249-41a8-a914-fb4a86b87d7e,"Electronic, Experimental, Rock. Hard Rock, Lofi, Violin, Piano, Eletric Guitar, Metal, Folk, Male Voice, Intense, Lovely."
7fc32d98-1ee8-444e-8fc3-7d28a0b13129,"Hard Bass, Trance, House. Electro, Ambient."
7fcc4cc1-bde1-43ad-bb39-cd568e74db26,"Rap, Hard Rock, Grunge. Dark, dark hard Male voice, Sad, Smart Drums with Effects, Distorted Bass, Gritty Vocal."
800b42cb-7f0d-4f09-81fc-68f8e2cd56bd,"Future Tropical, Violin Upbeat Ensemble."
801f5f6e-3cf2-4e98-a6ba-a143eefa4d0d,"Deep House, Female Voice. Bass."
807a13d5-601a-40d8-a9c1-2098d4a1aef4,"Dark Orchestration, Metalcore, Industrial Techno. Symphonic Death Metal, Cyber Punk, Ambient, Glitch, Final Boss Theme."
817e59a1-c985-4141-9bad-29cd9266a55a,Postnuclear Winter Jazz.
820784cc-db4f-41c9-a8df-340d94843ffa,"Pop, Vocaloid. Symphonic Power Metal Fantasy Industrial Metal Skate Punk Choir Organ Gospel."
828cfae4-b709-4c49-af3d-3a9140bc0325,Haunting slow and haunting industrial rock Make the embrace the chaos part slow and quiet.
8292c83f-4597-454b-b114-fd2134ebdd2b,"Scandinavian Folk, Traditional Norse, Shamanic. Runic Song, Ancient, Mystic, Frame Drums, Reverb, Dark, Slowpac, Choir."
8294a968-089c-4ba7-9c0d-805934477adb,Country Acoustic.
82f7b21b-189e-4575-9e46-3f35420ef6e6,"Female Solo, Banger Atmospheric Trap. Hybrid Flow Cry Heavy Pop, Amazing Female Vocal Chorus."
835622bb-cf9c-4c20-ab91-7e4556255704,Ska.
83630919-f07c-43b1-980a-30945bdfebf4,"Hyper-Pop Hip-Hop, Chill Dubstep, Dancehall."
83a8d303-cc39-4e4f-86ee-334aa59029f7,"Hardcore, Speedcore, Hard-Techno. Hardtek, Rave, Deep Bass."
841e87dc-c4a7-459b-a6e4-a77533542bed,"Rap, Hip Hop, Trip Hop. Female Rapper, Trap, Electro."
846392b5-5b23-42e3-8e71-caecf3d721e6,Pop Engaging.
849bf455-7575-4152-95bc-251de27e8317,Pop Poetisk Melodisk.
84f92058-0718-4c1e-80ba-dbade7b893a4,"Breakcore, Unusual, Loud. Aggressive, Sensory Overload, Upbeat, Dark, Fast-Paced, Compressed Audio Quality."
85a640a3-fb60-4255-8f14-716296b54f99,"Heavy Metal, Hard Rock."
85ce8d5a-160d-4ee4-acf3-15c3b1a63ba8,"Epic To Dance, Trap And Hardstyle, Dj Scratching. Epic To Dance/Trap And Hardstyle, Magnificent Opera Male Singer, Vinyl Scratch, Record Scratching."
85e8186d-0178-47d4-93dd-0ecf04982709,Island Melodic High Energy Bright Hip-Hop Harmonic.
860f0e97-40cb-4c9a-b3a8-39c1380f84ba,Pop Rock. Female.
8618323c-ee39-43ee-91d5-15a4dd84a0f3,Dark Rock Intense.
8633c842-365a-42ef-b810-320fdc8c8309,"Video Game Music, Soundtrack, Orchestra."
86a80f21-d120-4fd8-9e1a-80a073af5969,"Warm Vibe, Blend Genres, Calm Contemporary Jazz. Dreamy Chillhop, Smooth Soul, Melodic Math Jazz, Math Rock Male Vocal."
8720c958-a079-4b84-a125-33c19ffe9264,"Power Metal. Dark, Female."
873c9a2f-3995-4b45-ba09-9227245de058,"Chiptune, Elec Guitar, Final Boss Theme. Epic, Heavy 8-Bit Synth, Melodic, Hopes And Dreams, -Major, Emotional."
87eb9183-a518-4e57-953d-0650efb9b5fe,"Mellow Rage, Country Rock, Metal Choir. Folk Cries."
883428ef-08b4-4be1-955d-857a4f5cb0ca,Rhythm-Driven Pop.
88500417-f336-4469-bc81-f63f0b294168,"Pop Ballad, Pop Rock, Emotional Song. Emo."
887225e0-ac9a-4b2e-bf4a-c030213ba9b8,"Sweet, Love Triangle, Solo Song. Dreamy, Soft, Unique And Soft Female Vocals, Future Garage, R&B, Highschool, Confusion."
88870ad2-a005-4166-8212-5528a2f705c0,"Chill catchy downtempo deep house with synth and xylophone sounds, Electro And Ambient Glitch And Choral Melancholic."
88e71583-9a2e-4001-a1af-9f8442d8a988,"Progressive Power Metal, Techno, Electro. Male Vocal, Gangster Rap."
89229040-3bea-4a25-aebc-0d245fa9f471,Pop Emotional.
89a6c84f-cd3f-4757-b25a-bfcc10d108cc,"Nu Metal, Metalcore, Melodic Death. Emo."
8a0160b7-9bba-455c-a8aa-42285d7d2dba,"J-Rap, Marching Band."
8a0b1b6d-b4ec-4e0c-9f76-31036b673464,"Dissonant Singer.Shambolic Saxophonist, Experimental Guitar, Theorist. Sultry Punk, First Love Band, Lydian dim scale."
8a1373e9-bdfc-4c64-8e45-b22235e5239c,Energizing 8-Bit Retro.
8a397d29-4a5c-4c56-b18b-68ae7b945897,Dance Loop Hiphop.
8a6a5b52-63a1-49b4-88b1-60cd071b29c5,Medieval Gregorian Chant As March With Strong Bass Line.
8b23bd63-8717-462b-8859-7782544efb38,"Old Hymn, Soul, Choirs. Hymn, Violin."
8b7f638d-7009-444d-857c-3fe99da19ce1,"Male Voice, Rap, Female Chorus. Violin, Piano, Angry Mood, Hard Sick Beat, German, Aggressive Mood, Sratching, Suffering."
8b937bd3-7ecc-4e5d-ae53-607003f448b7,"Relentless Nu Metal, Heavy Riffs, And Percussion Metal. Rapid Double Bass Drumming, Agressive heavy synths."
8c4915f3-7c6a-479d-b064-9eed73596e8f,"Shimmering Synths, Lively Drums, Upbeat Guitar Licks. Nu-disco with funky basslines, And Vibrant Vocal Harmonies."
8ce76d83-e4d7-4077-8ba8-b946d979ef18,"Downbeat, Classic Rock, Accordeon. Bass Music, Video Game Music, Male Vocals."
8d300ee1-dbc0-46ec-ad8a-c9ff381a4f5e,"R&B, Soul, Roots Reggae. R&."
8d9a5941-6d4d-429e-8a01-19a1a656ac72,Pop Rock Playful.
8ddb30f7-aa79-4a8b-8b85-a6b09f0e0b5e,Brooding Hard Rock Dark And Oppressive With Haunting Tones Slow Thunderous Drums Gravelly Vocals Crushing Riffs.
8dfe5a0b-90ab-4037-9470-ff856abb6cc5,"Funky, Russian, Groove."
8e800de9-100f-429a-84da-a1f1b7023aef,Electropop synth-pop dream pop experimental pop Norwegian Vocal.
8ec344cd-86e7-474f-9496-05bdb3926adf,"Celtic, Irish, Mythical. Mysterious, Ethereal, Violin, Flute, Harp, Storytelling, Female Voice."
8ec90532-4e7a-47b4-bffc-fd434e427504,"Emotional, Hardcore, Christian. Rap."
8f93368b-99f2-4d1c-85b8-79f8d68f5a32,Use marnoon5 style.
8fd882c0-f449-4d67-a93f-cd332c337314,Dark Doom Metal Heavy.
900b0505-5d38-4df2-8a81-070ccb3e8f4f,Violão e voz bem suave com canto dos pássaros.
903a1e8e-ee15-4b43-9188-e978b8cb64d5,"Anthemic Rock Song, Soaring Vocals, Piano-Driven Melody. Lyrics About Hope And Perseverance, Emotional And Uplifting."
912ba083-04d6-4748-92ae-c356631ee0e2,"Cold Wave, Electronic, Electro. Ebm, Post-Punk, Techno, Female Vocals."
91a7af1a-3fab-47e9-a32e-84bde966f83d,"German Hwvoice. gangster west side oldskol ROLAND R 808 BASS NGSTER HIPHOP ABELTN WESTSIDE, BEAT WITH Easy vokvibe OG."
926586a9-01c2-40ce-a754-533d47cc0e8b,Trap Com Pagode Rítmico Apaixonado.
92b48ccb-cdfb-45be-90ef-1972c4eb2b05,Country Melodic Acoustic.
92c5f4ce-560d-4b3b-bbbb-f01584d5cc79,"Slow Ballad, Crescendo Dynamic, Kawaii Anime. Sweet emotional female vocal."
92dd0cf1-d272-437e-a925-f2f192f24f8d,"Dubstep, Brostep, Glitch. 16-Bit, Noise."
92f023df-e447-4dec-b7e1-ddc5777f6c99,"Voces Claras, Samba, Rumba. DUO, Cumbia, Flamenco, Witch House."
9346ed51-43ef-491c-87a8-da3890487613,Jazz. Lofi.
93c68c29-1bc3-4453-bcef-ad589240cdb6,Rap Eerie Bass-Heavy.
93f91610-6602-4191-af48-7dce776c7707,"Soulful Female Vocals, P-Funk, Funk. Black, Male Voice, Soul Funk, R&B Funk."
940aaf0a-4c26-462b-9e80-926ba89b3e64,Electronic.
95bab824-3b1c-4c3d-bd7b-b79172574465,Female Singer. 1920s and 1930s Swing.
95c749ff-51d5-4817-b786-f52407ce46ab,"Major Key, Cool. SSC6-7369, Vietnamese modern Alternative ballad-rock, Soft Mood, Clean sound, High 320 Quality Kbps."
95dc5b93-010b-4a16-9e93-d8762d0b2ea4,Soulful Uplifting Hip Hop.
95fa5d1b-bc5d-4945-b757-1cfc74643f2c,Rock Electric Energetic.
9642086a-d825-4f5f-94b6-60e0ee5ca8fa,"Saz Only, Baglama Solo. Central Anatolian Folk Music, Very old deep male voice, Fast."
96696af7-c518-430c-9e11-10ea869d1938,Haunting Dark Ambient Slow.
978ab667-93b9-4a14-a5cb-4155bd9d9447,"Female Singer, Male Singer, Drum. Mellow, Violin, Piano, Guitar, Bass, Blues, Rock, Futuristic, Dramatic, Classical."
97c1f868-5b7a-495d-8ceb-bf1a179c4f16,"Deep Flow, Electronica, Contemporary Country. Pop, Punk, Emo, Melodic Metal."
9856d5d2-84d8-4aa5-937a-fd02befacd93,"Tokyo Night Pop, Jersey Club, Pipe. Female Vocal, Drum, Synth."
998fd422-b876-4ad0-bdb0-e503cc28c22a,"French 80s disco and dance style song, Male and Female singers, Chorus, Keyboard and bass."
99c39941-543b-4189-9557-2ae09003baba,Pop Funky.
99c55e35-ae14-499c-a389-5ccc90234036,Brutal Melódico Metal.
99d4e813-fd8e-4eb4-92a3-c41c4dddebfb,"Hip Hop, Rap. Lyrical."
99d7683e-78ae-42ea-8d0f-be60d8d82c5c,"Male Voice, Alternative Rock, Classic Rock. Grunge, Anthemic, E-Guitar, Doublebass, Drum, Bass, Epic, Dark, Ad-Libs."
99d9b30f-e8fc-43c9-bf8a-711cf994c92f,"Gothic euphoric soundscape unfolds through glacial techno waves, Angelic Vocals Drift Over Thunderous Bass Drops."
99f829e5-6571-4b2c-bdf4-ef92bab52bab,"Bollywood, Indian Classical, Inspirational. Motovational."
9a2a2b44-7a06-47c7-bf88-aa132bd15a34,Folk.
9a3efcc3-5ddf-4ea9-8352-ece03db95f59,"Epic Rock, Mythological, Dark Electropop. [Power Metal], Epic, Dark, Menacing, Female Vocals, Cinematic."
9a5aec81-1aa4-4599-81a5-06ed73998a87,"Plugg, Trap. Beats, Sad."
9a5b93fb-2021-4a25-8ea4-8dc753e8d521,"Intense Piano Lead, Storytelling Rap, Rapid Delivery. 2020S Uk Conscious Hip Hop, Rapid Uk Rap Vocals."
9adc133f-2098-44bb-8aa2-29626914c71a,"Merseybeat, Psychedelic, Rap. Big Room, Hip Hop, Hammond Organ, Electronic Trap, Tech Trance, Hard Bass, Experimental."
9b406043-368d-4e63-ae4b-a9d706f2ac66,Blues Gritty Soulful.
9b79f9c5-c43d-4c58-90a4-61fa6696f150,Fusion.
9bb2ff1e-cb55-494c-9cef-5d8fb05cf3bf,"R&B, Voce Femminile, Emozionale. R&, Chamber Orchestra."
9bda4516-3cd4-4e07-9465-62bacd40b722,Mellow To Upbeat 60S Jazz.
9c303133-8f50-45ed-bf15-c9af9db0c2a8,"Banjo, gregorian chant Choral alt country cello, Piano."
9c6035f9-970c-453d-a8bd-cb3ce2e2f519,Accordion Drill.
9dd67553-3c52-424c-b247-b396c3d30950,Bicer soul blues hewy panc.
9e0fd25f-31cd-43a7-9946-06d1b0d84039,Hard Rock.
9e42cd0b-6ab5-41de-bc91-c260820cc566,"Heavy Metal, Nu Metal."
9e701bda-2552-4a3b-8ab8-73803f47628a,"Create a slow-tempo song inspired by 'Oceans, ' With A Focus On Emotional Vocal Peaks And Only Violine."
9fdec2e3-241f-4d1d-ac5e-b697dbd93cdb,"Cinematic Sadness, Circuit, Freak Show. Lo-Fi, Anti-Happiness, Baroque, 808."
a07f6d99-86fc-453a-a94a-aacd3743c7d1,Mariya Takeuchi. Nakano Japan city pop () 1985-1992 Female voice asian.
a08e2111-4c89-40a4-a401-10cd3305233e,Grunge Metal Grindcore Doom Metal Death Metal Thrash Metal.
a0f32aef-038f-4b7f-be03-8d7d334b8396,Rap.
a1bbeac7-a2dd-49b1-9f78-3a26f5b1a4b3,"Sad Electro Soul, Chunky Guitar Riffs, Hypnotic Atmosphere. Deep bass glitch hop, Emotional Sounds With Echo Effects."
a1f021a5-be96-4edf-844e-827309bde367,Hard Rock Blues Electric.
a21f652c-7964-4201-9882-c1f5a3e4fdb5,Dark Trap Hard Bass Drop Bass Trap.
a23b5616-03e5-4fed-9818-0b1c60360675,Anime Style Pop Rock.
a23f5675-0ffa-4ae7-93df-ae190ff82c7f,"Medieval Viking Rock, Medieval Folk."
a28a04c5-664a-450b-99c4-e211ac256bc7,Deep deep superbass wobble cosmic futuristic sad melody dubwize 2 step future garage half tempo.
a2a3abe7-32bf-41f1-a1d5-099594af442f,"Country, Western Guitar, Eurodance."
a2c8a6f5-3350-4507-8349-88b2da0f2b11,Light Playful Children'S Song.
a2d3bef9-e422-4c07-8578-fac3c9b164f6,"Hardcore, Metal, Symphonic. Slow Beat."
a353ab25-e5aa-4a06-8801-207c8e780b94,Agartha Phonk with deep healing bass lines of 396hrtz +Jebez-22ms / Jebus+22ms voice lay synching to create hemi sync.
a35dfc0f-b237-4168-a941-622456d3222b,Aggressive Rock Rap Raw.
a368d698-b242-4a69-8855-f277bd419299,"Post-Hardcore, Minimal Glitchore Elements. Dark Heavy Minimal EDMCore."
a3e0afb9-7c48-44f5-a189-668a02659801,Dissonant Quirky Experimental Jazz.
a40863b9-9e13-497e-9bbf-d4184c017b5c,"Mystical Electronics, Dark Jazz, Dark Cabaret. Dreamy Lo-Fi, Intimate Nocturnal Melancholy, Slow Waltz, Touches Of Mecha."
a41567aa-e37f-4fc0-9d45-5095ebef6c7c,Ballad Sad Melancholic.
a41e1932-28bb-4ee6-bdef-f3c6a8c3878c,"Beat And Bass. [00’s Hip-Hop & R& Produced], [Hip-Pop Urban Rap Lyricist] [Rapping, Zesty Vibez & Hip Hop dance."
a4d4c05a-0bcb-4f48-88d4-f748870a3084,Hip Hop.
a4f43a9d-65eb-4ce7-b36f-95005ea8811d,"Retro Rock, Americana, Psychedelic Rock. 1970S Classic Rock, Acoustic guitar, Pedal Steel Guitar."
a4f7d934-bdf7-4c88-ab9c-c9e19e653d0b,"Jazz, Blues, Indie Pop."
a4fa039f-93a0-481a-9bcb-ef5f81631ecf,Dramatic Soundtrack.
a53d1e5d-0bc3-486d-b979-c1c794bc199c,"Alternative Rock, Punk. Male."
a5783214-c201-4d3a-b3d1-f6004a87ec7e,"Death Metal, Finnish Rap. Finnish gangsta rap pop rock."
a5a0f116-14e0-4e2a-bb40-786897a9f3ef,"Rhythm House, Music Harmony, Microtonal. Piano, Man, Freddy Krueger Cabra rig Reggaeton Egyptian future on us."
a5bfad5b-7288-4509-8e54-d078c6364faf,Trap Energético Agressivo.
a5c512ca-8e12-46cb-845f-087a639a4b52,"Power Metal, Post-Grunge, Blackgaze."
a5d27534-57c2-4125-ba62-2340468ba2b6,Intense High-Energy Electronic.
a6da24cf-78e3-4f01-afc1-a700976fe4a7,"Dramatic, Orchestral, Cinematic. Atmospheric, Epic."
a7149a2e-b226-442e-b89a-12fd195fa9fe,"Halloween, Symphonic Black Metal, Catchy."
a71c148f-2642-4e4f-bfda-8908383fb56c,R&B. R&.
a75da94c-742d-43aa-8014-cb48dcf6f0bf,"Emo Rap, Bass Saxophone, Trombone. Glass."
a7c44fcb-e50d-450f-8cc4-6375f64d5c4a,"Doo-Wop, Wall Of Sound, Vintage. 1950'S, Harmonies, Classic, Female, R&, Reverb Vocals, Reverb Drums."
a843219b-5f0b-4a6e-92ed-4732eac5eb90,"Opera singer meets flamenco rumba guitar: powerful vocals over rhythmic strums, Blending Drama And Passion In A Unique F."
a86dc8c4-1a14-43c3-a0f7-2496c1255592,"New Age, Samba-Rock, Swing. Electro Swing, Furry."
a8a9d269-d490-4888-b674-668789cffe34,Lofi Beat.
a8c74500-a80b-4fe8-b3f4-5f26e84fe6fd,Humorous Pop.
a8f2635d-5024-4f4e-8c89-9e95d1463bf7,"Mambo, Latin Jazz, Corridos Tumbados. Swing, Bagpipe, Electro Swing."
aa1a5a3a-4b8f-4525-9c21-2d1a725da285,A musical composition.
aa33d125-23ec-4b1d-95f9-2aef4949fb58,Chiptune Electronic Midi.
aa59d69d-89f4-497a-9181-f2e249fbc019,Tribute.
aa950810-6180-4b06-a225-f237fd96de26,"Uplifting, Minimal Wave, Storm. Shamisen, Taiko, Koto."
aa9d493b-ff5a-47c8-a27d-4dc54fcbf70b,"Hardrock, Black Sabath Style, Slow Tempo. Slow, Female Voice, Female Vocal."
aab8c876-ee10-444d-9ec7-9486fc5de701,"D Major, Soft Rock, Orchestral. Duet male and female, Tempo:, Piano, Strings, Synth, Brass, Acoustic."
ab2bf9ce-9927-40ef-b3bc-d946f88a31a5,"House, Deep. Chill, Bass."
ab4b31c3-71d8-4ad7-80d2-0d0e1080a8be,"Vietnamese Drum And, Electric Bass."
ab4f4497-9d2d-4dc4-b684-b1a4e2382ff5,"Pop, Chill Beats, Dance. Emo, Piano, Acoustic Guitar, Drum, Female Voice."
ab66b0d9-b318-4e28-a5da-201d50a0c57f,"Ny Drill, Drill. Dark."
ab918a64-07a7-4d58-b6de-371ac73df6d8,"Tango, Classical, Piano Solo. Ragtime, Blues, Ballad, Country, Mozart, Opera."
abba05b2-4946-40c9-91e4-12c525466170,"Vocaloid, Deep Dark, Multiple Female Singers. Russian Doompunk, Post-Punk."
abc55db7-7298-4c9c-9ac5-491117e061fb,Sadness Rock Anthem.
abed4241-119f-4cf1-bd20-190933c5371d,Jangle Pop.
abedac0f-c291-458d-9ee6-8b8c0e919ec3,Pop.
ac92f597-339e-46d4-b352-f2810bab140b,Joyeux Entraînant Folk.
ac94a4d3-595c-4607-879e-f315098223a1,Psychedelic Ambient Ethereal.
acbcb87d-97d4-4828-982d-33bf5f56b6ff,"Introspective, Haunting Soundscapes, Smooth Male Vocals. Atmospheric, Reflective Lyrics, Gradual Build, Deep Emotional."
ad3bd09d-5388-429c-b7ad-e9f7b2ecfe60,R&B. R&.
ad9593f5-abb3-4a99-b502-818254b84724,70s R& soul lover's reggae.
add87ef4-08dc-4361-9019-e955ac9d8e1e,TicToc Tittie Doe ToeJEllos 1993 - Maki Kolehmainen WANTED.
addffdde-177c-4299-ae66-38158ae9d4a2,"Trap, Rap Conscient, Influences De G-Funk. Trap/Rap Conscient/Influences De G-Funk/Beat Percutant/Hi-Hats Rapides/Basses Lourd/Snares Nets/Synthés Sombres/Riffs."
adf271f0-8130-44de-9574-a2b98912fe8f,"Taiwan Musicals, Instrumental."
ae0a731c-5fbe-402a-9952-7629b233c7f1,"Hard Rock, Christian Rock. Metal Ballad with riffs mixed into the melody, Catchy With Long High Notes."
ae722bee-b42b-4432-93fa-622a95388c58,Jazz Edgy Rock.
ae7ddbc7-912f-4ccd-9676-99f88de4f16b,Heavy Metal Progressive Melodic Moody.
aef34075-0592-4cd3-9224-a3c395c69a85,"Instrumental-A Slow, Sax Tenor Melodies. [Instrumental- Slow, Melancholy R& Jazz ballad with a deep Bassline."
af0c3464-f61f-4ad2-9979-c46e7195da25,"Disco, Techno, Blues. House."
af5623c9-6da4-4a62-a4da-c42e966a2206,"Indie Pop, Male Voice, Chillwave."
afef18af-8e87-40e1-8ceb-a853161aa2c7,"Lounge, Chill Lounge, Jazz. Swing, Future Bounce, Electro Swing."
b057eb05-b35d-4b82-9651-a807b917d91d,"Kayōkyoku, Japanese, Radio Sound. 1920S, Taishō era, Female Voices."
b06a9bec-afe9-4cf7-80df-d0c5c4d9a89c,Hip-Hop Smooth Electronic.
b0b5cfec-2f86-44d2-a507-11ced527a834,Epic Classical Orchestration Uplifting Voice Opera Alternative Rock.
b0bebc26-16e9-48c4-aabf-f3ade3e519c9,A musical composition.
b0dbaa9f-7714-4277-b191-ea1ccb1bad90,"Rap, Hip Hop, Gansta Rap. Horrorcore, Rap Rock, Nu Metal."
b0df78c3-4fc9-4e32-a941-973651ffb0f6,J-Pop.
b0f1180d-41fb-420d-9067-b3f2b3255425,"Fast-Pace, Synthwave, Rare. J-Pop, Cute, Kawaii, Electropop, Electrodance."
b1174186-3756-424e-9cdc-611a32bed394,"Classical, Swamp, Primitivism. Shamisen Riffs, Alto, Tribal Drums, Cello, Mandolin]."
b1986d2d-c62c-4874-a364-287a6e21f15c,"House, Dubstep."
b1be1298-5ea2-4bc6-904f-a525e6c05158,Eurodance.
b1c07f7c-a338-49f0-8755-0a0476198626,Lofi-Shatta. Lofi-Shatta|Melancholic+glitch mexican cajón+warm slow drift phonk beat#bizarre underground illbient+uk drill#sad riddim.
b1c7f305-cf2f-4ab1-a108-7164632c3e13,A musical composition.
b23710d4-ee7f-4780-b2f3-a1ede4b94eba,"Mutation Funk, Bounce Drop, Heartfelt."
b2826ffd-1875-4214-b8aa-a3a06f60c4c1,"Freestyle, Rap, Hip Hop. Russian Hip Hop, Trap, Electro, Underground Rap."
b2c67825-9bb5-407b-974b-2ab58ca3b3e8,Ambient Melancholic Piano.
b351319e-9a90-498f-81ac-d8c7dc6195a6,A musical composition.
b355a7b9-b711-4651-af99-882a6a8843a2,Nostalgic City Pop 80S.
b36df919-55f1-4a7c-974a-b8ac1d69a02d,Happy Hardcore.
b379761b-3bb2-4493-ac2c-6af4a87f4022,Pop.
b37f1b95-c9cb-411f-8cf0-899055e0ae26,"Reggaeton, Trap, Hip Hop. Electro, Rock, Punk, Swing, Electro Swing."
b3a1d13d-ce6c-4053-8101-8824e48337cb,Salsa.
b3b68faa-bc6c-4e08-b563-c2bb147c3701,"Empowering, Pop, Animated. Sad."
b3e25a69-ef94-481c-ba90-8abe42fb3f68,"Glam Metal, Metal Guitar."
b4fc7d70-141b-4110-bf0f-3dee7d5b3e1b,Grime Dreamy Electronic.
b5d716a2-23e9-4dab-87e3-e18cdb9da346,Rock Aggressive.
b5fe9864-e235-4e88-9d8f-1552b9b7a611,Folk.
b63a618c-1f0c-4283-9aad-7283af9656ab,"Female Voice, Dark Voice, Catchy. Rock."
b6953684-7899-48d6-aa70-94764a93d426,Rebellious Rock.
b6bc2b58-2e18-4d19-a8ff-3d8de5507cd0,"Portuguese Of Portugal, Emotional Male Vocals, Indie-Folk. Guitar, Violin, Sad-Tone, Heartache, Fado Style Undertones."
b6bc545e-081a-4d2b-a83d-d5f8e8e9ae06,"Female R&B Vocals, Glitchhop, R&B. Melodic, Dark, Dolby, Breakup, Creepy, Beat."
b6d976b3-7f0b-4680-b3ca-ecd6800679a5,"Patriotic, Army March, Band Music. Fast Paced, Motivational."
b724041d-fcb7-46a1-9485-01e4f2bc779b,Pop singing male corner dark sad.
b7f49d08-85af-4acb-94ac-9ae30160c0d1,"Experimental Electronic Music, Dark Synth Pad, Kick. Bass, Sci-Fi, Synth Pad Piano, Ambient, Meditation."
b811f9fd-78f1-44a1-85d1-0d1657d1b29e,Trap Rap Southern Houston Vibe Hip Hop.
b8158275-e0bd-4030-b152-87815ef2ad91,Dream Pop.
b836020d-a882-4272-8fdb-d7e4fac6d40a,"Pop, Rap."
b87eb888-fc20-4446-b8fa-4ce7962019e5,Sad Emo.
b88b9d2e-9664-4570-a229-ec92b0502600,Pop Punk Post-Hardcore Metalcore Rap Metal Alternative Metal.
b89f07ae-b1ef-4ece-b42d-350e1102a4e9,"Disco, Cold Wave, Electronic. Ebm, Electro, Post-Punk, Techno, Female Vocals."
b8c83c92-04d5-4d8c-ba21-9cfd9d30e499,Afrobeat tambour instrumental 2 version BPM 108.
b9368ec1-483f-4af9-b77c-83658b061f8e,"Cooking Noises, Clanking, Sizzling Noises. Cyberpunk, Hard Techno, Electro, Dubstep, Female Vocals."
b9570be7-4dad-4952-9ca3-e8b9f64bcd18,Folk Music Celtic Epic.
b9814845-0b1b-4817-a37d-db952e25ee5c,"Male K-Pop, Male K-Rap."
b9edc607-f811-4b8e-b9ba-16f448210a4d,Electronic Atmospheric Melancholic Synthesizer Percussive Ethereal Futuristic Emotional Slow rhythms Minimalistic.
ba1c508a-d8ec-4c57-ab3e-b04e94a45b9c,"Metal, Hard Rock."
ba5e5357-8c97-44be-b557-3948e282ae5c,"Alternative Metal, Rich Riffs. Dark And Heavy Riffs, Heavy And Fast Beats."
ba7d41ba-df5a-460b-a1b0-f9da433a77e9,"Spanish Sea Shanty, Reggae. Spanish Sea Shanty/Reggae/Accordion."
bab9dd99-924c-4a95-82f1-0da6db920a14,"Alt-Rock, Indie, Happy. Upbeat catchy new wave, Synth, Synthwave, Smooth, Vocals, Edm."
bb2e73ee-8556-43a8-9d2b-cc560d62362d,"Background Jazz, Lo-Fi, Ambient. Trumpet, Saxophone, Contrabass."
bb48028d-a86c-4aef-9963-7c9c3458fbe2,Pop.
bb63b34e-8e6d-406a-9e77-a67af844b13d,Pop Electronic.
bb83cb1f-6fe1-4441-aaa0-41cc885066c1,Punk.
bba8fbdc-0721-4e90-89df-6f37e6a3e7ad,"Disco, Big Beat, Synthwave. 1970S, Slow."
bc7b10d8-6d7d-40f5-ad5b-e3d269770fac,"Baritone Male Vocals, Post-Hardcore, Emotional. Powerful, Slow, Melancholic, Falsetto, Belt, Screamed, Sad, Mixed."
bc808355-a1df-4e34-911c-e35e46df2ace,"Jazz Fusion, Pop. 80S, 90S."
bc89f3d2-f450-4ec3-94da-067d28acb68d,"Alt-Pop, Funky Bassline, Playful Synths. Flirty, Catchy Hooks, Chill Vibe."
bc9b8e38-ab37-47e0-829f-0449365daa4f,Hard Bass Electronic.
bca89389-60ea-493b-96c7-17903a0b37f9,Future Urban.
bcae4e1c-72e0-491a-85d1-de040d3f68c4,"Gregorian Chant, Female Voice, Orchestral. Atmospheric, Church Organ."
bd0735ec-47c2-4c25-b496-d4b5a3e1349a,"Sliding Scales, Gothic Funeral Bells, Epic Angel Backgrounds. Baritone gothic ambient synth vocal vibe."
bd76f93d-5bd8-4445-8801-cd884ed21981,Hip-Hop Funky Playful.
bd998af1-f0f2-43b7-a39d-dd8aad24e360,"Afrobeat, Reggae, Jamaican Dancehall Style. Trap."
bdd878ac-7ba3-440d-8a14-d22903ff4ea2,"Uk Drill, Battle Rap, Horrorcore. Opera, Violin."
be22f894-a089-4bee-93fb-897e03f699ad,Algrove Psybient.
be6c94da-f993-48ae-8411-8ebb66aba4ba,Rock Rap Synth 80S Retrowave Theme Song Style.
bea5c7dd-e4f1-4a09-b3b8-7bda515e00f9,"New-Age, Worldbeat, Electronic. Ambient, Ethnic, Tribal, Chorus, Instrumental, Handpan, Flute, Clear Female Vocal."
beae0cbe-fef5-4507-a8de-0260e7e4b7c5,A musical composition.
becdf8f8-04f0-4fce-93d4-8e1d0ec47a98,Melancholic Ambient Instrumenta.
bee5046b-87a4-4ce8-8518-7552a960a94b,Dark Ambient Dubstep Bass Boost.
bef7c746-e72c-410e-9bed-b3dc6828981d,Metal Hardcore.
bf97ffa7-924a-43e9-82fa-08df066dd0a9,"Clear Vocal, Dream Trance Sitar, House. Bpm85, traditional Chines, Bass, Dance Pop, Piano Cover."
bfc56d0f-0494-4ed2-aa4e-15cc7cbed14a,Intricate Gangsta Rap Gritty.
bfdf55b1-7792-44ad-b984-c2ea917ce98e,"Acid Techno, Gangsta Rap, Glitch. Mafioso Rap, Dark Ambient, Experimental, Miami bass, Rage."
bff82586-2182-4ed0-877f-5d506b008fd6,Aggressive Chaotic Heavy Metal.
bfffce79-817c-433a-97b7-239fd83cea1b,Electro-Swing Brassy.
c01d35db-631b-42cc-b514-8a81f1abad68,Pop.
c0985703-9f84-4d4f-a1b6-2f997823bf90,low voice bpm 30 VOCALOID lo-fi opera.
c0c7872f-8d13-4dd2-aa2b-fbcb24b539cd,Gritty Hard-Hitting Raw.
c0d8ede1-21fa-4079-bf1c-3df53c1827fb,Dark Sinister Carnival Intro.
c13461da-4611-464d-a9e4-c582643aa8f0,"Soulful, Modern Opera R&B. modern opera R&/Male Trap Female Emotive orchestral Not too slow."
c17d01c5-e1c0-4bb0-8a5d-2f53c2b902f2,Gangster Rap.
c1896f84-0208-469f-879b-6ce298d21f34,"Acoustic Country Melodic, Male Voice."
c1d29e0b-c2b2-4362-a46b-3973129b3502,"Holy, Delicate, Orchestral. Rhythmic, 432Hz, Flute, Violin, Cinematic Fluidity, Mysteries, Revealed, Engaging."
c23f0693-c23b-45b3-a012-549a39e9d424,"Clear Male Vocals, Anthem, Gangsta Rap. Bass."
c350206b-aa15-4d0e-8b0d-9788ea07f080,Rock Rap Synth 80S Retrowave Theme Song Style.
c3cc01ba-0283-4881-9736-c7fe4d3bbc71,"Rap, Smoke, Gangsta Rap."
c42fd4ce-4dae-475e-9cb8-2dd947d53e3d,Chilled Dubstep.
c4757273-64ec-464e-bbc2-053d73626be1,Rap.
c4a26d69-634c-454e-b0b2-6c6475b73b59,Electronic Futuristic Dark.
c4af2b04-49f2-4011-be0b-5810e5a9f6a1,Reggae Laid-Back Uplifting.
c4ef7128-3c25-4ae3-b807-55f06820497f,"Lidová, Pomalá."
c5045e2a-1dcc-4922-aa17-a09504ed4e77,High-Energy Electronic Dubstep.
c52453d6-505e-48e4-8d7f-71df9d13af13,"Atmospheric Ambient Dub, Female Vocal."
c5707b57-9496-4f4b-81e1-ec6ec6343aa0,"Tango, Electro-Tango. Saxophone."
c5c6ca23-b1ec-4101-a619-656f2d0d545e,Oldies piano Saxophone violin pop ballad female singer.
c615077a-323c-4872-8b71-cf39639d4b40,Fast Loud Punk Rock.
c6306ad0-5dfe-465c-839a-858ad22a8b67,"Brostep, Drum, Sub Bass. Synth, Wobbles, Modulation, Kick Drum, High-Pitched Screech, Kawaii, Metal, Pop, Piano, Rock."
c634b36a-9e06-4a3b-bcb0-4ca46746919d,"Melodic Death Metal, Death Metal, Metalcore. Doom Metal, Phrygian Scale."
c6378a77-82a9-4ea4-ac0e-d992c9a6a30d,"Style: Humorous, Upbeat Rhythm, Playful Melody. Laid-Back Folk With A Sarcastic Edge, And Lighthearted, Carefree Tone]."
c6e5c613-7b7b-4684-b27e-13f67cdea316,"Kawaii, Catchy Chorus, Epic Intro. Indie Rock, Metal, Heavily Layered, mix Electronic EDM, K-Pop, J-Rock, Beat Drop, Fast-Paced."
c72ce848-d270-4c62-b7a6-ad4bd1b280b4,"Música Criolla Peruana Full-On Psytrance Psytrance, Party Energetic Psychedelic Trance."
c7340dd3-53e9-4ad6-9e5a-ee65f8f1a806,"Pop, Rap. Emo."
c789b2e8-850c-401a-9c70-5c4cf4366a58,"Mob Chanting, Speedcore, Indietronica. Stadium Chant Sports Chant, Live At The Concert."
c78c2992-5144-4830-99da-4931e89e7f94,"Pop, Romantic, Acoutid. Guitar."
c83e1b79-4a10-45ed-92ad-21271afcc557,Sertanejo.
c85b1431-6480-41de-8ae3-a0dd6ca2a8f5,"Industrial Alternative, Crazy Male Vocals. Guitar, Drums, Dark and Gore Vibes, Themes of insanity and Madness."
c892f67c-c77b-4e4f-ba05-08f880a1679f,"Platinum Producer Phenom, Phonk, Bass Heavy. Japanese Retro Horror Pop, Girl Group Dreamy Haunting Vocals, Minimal House."
c89a2d79-a21d-4f2e-86db-e6e436a860ec,Uptempo Volksmuziek Feestelijk.
c90c6c4f-5d73-48e4-bc66-78f3df5c3dee,"R&B, Hip-Hop With Smooth, Snoop Dogg-Style Cadences. Fusion Of Trap, R&, Laid-Back Beats, And A Catchy, Rolling Groove."
ca2e52a2-c1ee-4a7a-b9a9-2ce68f02c194,Melódica Acústica Sertaneja.
ca3b61ba-bf18-4f6a-9d23-6d01dcae5dad,Braggadocio Rap.
ca8dc018-e38a-4752-b737-b4b432e59f75,Rock Brute Électrique.
cb0d1333-8d64-4522-b314-56b42c264c27,Polka Melodic Harmonies Nostalgic.
cb16c0ec-4ade-4c66-a342-3a95cbf0be41,"Ballad, Dramatic, Soundtrack. Epic, Cinematic, Orchestral, Ethereal Haunting, Tenor Solo."
cbffaf45-4cd8-48a8-adfc-a643cce02abb,Edm Hardcore Dubstep Male.
cccf458b-bc4a-4d24-a24d-952d76532dfb,"Pop, Religius. Slow."
cd081d82-12d3-4e51-a179-5425c21e8505,Celtic Folk.
cd0fa65a-5c40-4a66-b98b-2d2b7834d111,"Disco, Groovy, Pop. Man Voice."
cd3f75fd-368a-48c0-ae7e-a4aa81d0ecdd,A musical composition.
cd485507-1ec3-4edd-be2a-79bc8a12238a,Salsa Energetic Electrifying.
cdc83074-1a30-4365-9dc7-dbb7d99837a8,Piano-Driven Slow Melancholic.
ce04597b-d7b4-4d43-9880-2b3943fd7c23,"Vocaloid, J-Core."
ce064633-10a7-45a9-ae63-14c20c73244e,Operatic Black Metal.
ce1527df-0e12-4d74-b723-4588a4fa6262,Rap.
ce454e0a-749b-45df-a899-b1079962115c,"Rap, Nightcore, Country."
ce84fb8f-d9e5-43b1-8893-5ad723d82eee,"Bass Male. Funk-fi slap-psy-drip soul boogie banger, Gritty Stoner Hiphop Club Anthem Trap-Soul Funk, Strong, Raw, Clean."
cebcc04c-1c1b-432e-a007-709d57cfca4f,"Acoustic, Female Vocal."
cec99347-74f9-4958-adc9-431507b0ae79,"Cutecore, Drum And Bass, Chiptune. Orchestra, Violin, Flute, Techstep, Ambient, Kid Core, Techno."
cf74f487-caf9-4898-9ef0-73e37aa9f86d,"Classic, Hopeful Pop, Country."
cf90151c-e174-4609-b8f2-97d5f6a0502f,I Love You Baby.
d0c86a6d-1721-4435-bdb9-ecf06437f35d,Musica Tetrica.
d0f79901-1990-451d-84fa-516c129ed6d7,Alternative Rock Alternative Metal Metal Male Vocalist Melodic Romantic Longing Melancholic Post-Punk Piano Cover.
d152ec14-0045-4f97-9796-2fba314da287,"Acuistic Guitar, Emotional, Passionate, Piano. Violin, Uplifting, Rhyming."
d1cb7cf1-a6a4-4320-b644-59b865db7659,Glitchy Phonk Bass Arabic Influence Vaporwave Heavy Lo-Fi Ambient Meditative.
d239b7cd-bf57-4650-b5ed-362b8bd46b91,Intense Rock Flute Haunting.
d260a2fc-0c9f-4cf6-9108-5d7c361025e4,nan
d2902cf6-9d1b-4d00-ac12-59d6307d1051,"Screamo, Extratone, Uk Drill. Dramatic Female Vocal."
d2cb60c0-d169-4a06-9bd8-7822260757f2,Deep Rap Breakcore.
d33b8dcf-4ed8-4d87-8579-8b2e55f01db7,"Rock, Male Voice, Hard Rock. Synthesizer."
d3ca4367-9643-409c-a587-845cd28b781e,A musical composition.
d3fac1dc-6480-4cc5-9e4b-cdc4f3325971,Indie rock melancholic electronic violín female voice.
d454d95d-ff69-4083-80b6-fca0799e5024,Rap.
d468f183-e42c-42b9-9cc7-cbd34f04f892,"Violins, Excited, Splendid Chorus. Starts off with dynamic cello, Woodwind, Female, Vocals, Sweeping Strings, Harmonie."
d52aaa8d-4662-4499-b5ec-e35fa0a9213a,A musical composition.
d66a795c-5b40-4aaf-83cb-6f82955fe8db,"Metal, Rock, Mechanical. Synth."
d6edb629-9118-4cc0-a9bd-bec752d631a7,"Female Vocal, Anxious, Dissapointed. Sad, Ambient."
d6ff1d38-469b-42c8-8685-f10ba051db64,"Reverberated Snare, Spaced Hi-Hats, Wide Synth Pad. Dark, Atmospheric Beat, Strong kick, Deep Sub-Bass, Atmos."
d77ebf74-a3cd-40f2-b6a0-ede1a371ba0a,Australian Rock.
d7b35bd5-7d77-431b-9522-3cc2fd91d2d4,80'S Dance-Pop Synth-Rock.
d7cc22b3-eb84-4b57-9017-8bfa85517999,"Rock, Alternative Rock, Male Version. Hard Rock."
d7cd5ae9-1085-4c7e-ad65-169b94491bef,Same Music.
d872943d-61b1-429d-a700-6a9796fe79e9,Alternative Rock Gritty.
d8779909-e4f5-4b29-9aaa-5f6c8f742ec5,Rap Hip Hop.
d90c6158-99fd-4d8c-955a-0d9337382d11,High Quality Sound. 90S Eurodance.
d90de9fa-4fe1-4ab8-b358-aa1c3c0975fe,Fast-Tempo Electric Pop Punk.
d90e63a9-4bc3-4eb9-b2f4-ed4b18af92a7,Hindustani Vibrant Rhythmic Sitar Retro.
d9c80d72-d334-43b2-bda4-281538e2c578,"Bass House, Electro House, Electronica. male vocal Baltimore Club, Electro Swing, Hip House, Jackin' House."
d9f35bdf-218d-4c20-a36b-7dfede8bad5f,"Folk, Gospel, Praise. Soft Female Voice, Emotional, Pop, Rock, Alternative Country, Plunderphonics."
d9f522c4-2bc5-40f8-9bc6-e541393e3ea2,"Psychobilly, Rock. Violin."
d9fabd91-e8f1-497d-943d-df8374c194c1,"Heavy Dubstep, Distorted Fog Horn, Warped Reesses. Reverb Frog Sounds, Fm Sounds, 808, High Snares, Low Bass, Ha."
da422fd8-79a8-4c93-949b-7666051dcb33,Cello.
da8e5baf-de3f-4d9d-953d-8e5a15b7305c,Lightjourner[Cine-Exc]Ambiauralgloryhope. nightfolk-firetune[swingpost-post-hardcore]female vocals[echolife]Gameishere.
dac19ae9-49f8-46af-8748-1160cd8f576c,"Electric Guitar, Anthemic, Ethereal. Shred, Progressive Metal, Neo-Classical, Eerie, Dark."
dac6c1b5-a330-4229-ba98-71dd27cfb61c,"Female Voice, Soul, Cinematic. Sad, Orchestral, Violin, Piano, Epic."
dadefd5f-09ee-4588-a970-6a4f9ad3d8ba,"Relaxing Female Voice, Moombahton Tropical, Reggaeton. Tom Tom Drums."
db15ad90-bdbd-49d8-bd27-199f20cb53c4,"Power Chords, Guitar Strumming, Powerful Male Vocals. 90S Style Californian Punk Rock."
db30669b-1844-4c51-a51d-549bcb5d2cb3,Anthemic Orchestral Classical.
db3965da-04f5-4c43-9c10-a5e6d14c8a5c,Poetry.
db44cf7b-22a0-4eed-8989-62a511b08f3d,Aggressive Electric Hard Rock.
db489918-6c7c-4a9b-b58c-11dc64aade66,Experimental Electronic Ambient.
db84e8db-8e93-4907-bbdb-acdce2441ff3,"Disstrack, Cool Rap."
db954e2c-5f44-43d0-9402-b11524a88dba,Chicago Blues.
dbc5f081-a9b9-4677-8f55-50262fb882fb,"Remix, Bass Music."
dc6d0bbe-a681-449f-9ca0-5d25a6704e95,Trap Electronic.
dc98fe16-46c7-402f-9e46-dc70e5794817,"Country, Fiddle. Banjo, Female."
dc9bcd47-7c73-4601-8030-b78ece4e014d,"Gothic Doom, Male Voice, Dark Ambient Punk. catchy post-punk with instruments Boss DR-55, Oberheim OB-8, PPG Wave 2.3."
dcdd5f32-a0b5-4225-a02d-92cd95a56e68,"Tropical House, Soulful, Positive. Melodic, Inspiring, Epic."
dd5f38ab-0afa-47e0-9078-5f62c40c0576,"Symphonic, Orchestral, Film Score. Epic, Action, Violin, Timpani, Trombone, Trumpet, Flute, Percussions, Clarinet, Harp."
dd828a1a-5cfc-47af-aaf3-f31edb1a41e0,Disco 70ies.
ddb0f61a-636a-4869-8700-237b44447ae0,"Elegant, Otherworldly, Waltzlike. An ethereal crystal sounding lullaby, Gentle."
ddc6c325-0436-454d-a335-b3335b2cb7eb,"New Age, Trap, Dynamic. 808 Drums, Drop, Synthesizer, Polymeter, Male Vocals, Female Vocals, Duet."
de05326f-79bc-40af-bdbd-a17a6a88fdfc,"Dramatic Slow Intro, Midwestern Emo, Heavy Trap Influence. Deathcore Screams Mixed With Powerful Singing."
debcc377-da71-4e60-bc29-824a893d3e8b,Piano Music For relaxation therapy.
dec4047a-297e-4fd9-97de-73d091335886,"Rap, Trap."
df52f711-8d16-4338-a558-0af54da4a8cc,"Country, Americana, Male Vocals."
df97db49-69ab-4102-874b-7baaaa691275,Neo-Classical Metal.
dfbac8ea-2c47-452a-82d2-6a03185172da,"Electrónica, Tecnhno, Reggae. Disco Duro Syncopated, Reggae Fusion, Hip Hop, Roots Reggae, Post-Punk."
dfd6b2fb-d53c-4532-83b0-d094dd2f35eb,Female Power Vocals. 80S Metal.
dfdf8604-75b0-48cd-a4a7-15831b063c68,"Trippy Trap, Glitchy Synths, Heavy Drops. Trippy Trap/Dubstep fusion: Deep bass wobbles, Hypnotic Rhythms, Spacey Atmospheres, And Sh."
e00b24dd-75a5-43ed-b78b-fa17d41f2296,Gritty Hip-Hop Streetwise.
e037a965-c4e7-4bac-b111-f341f2b6fded,Epic Hard Industrial Metal.
e0618d22-6002-43ca-8949-dfa242967620,"Baroque Pop, Fat Leads, Easy Listening. Melodic, Synth, Deep House, Reggaeton, Synthwave."
e0836ba5-2846-4349-b7e6-7017f90bef8b,Boom Bap Gritty Hard-Hitting.
e0889628-da5b-41b8-9611-6a62a4900ad1,Slow Relaxing Calm Jazz.
e09eafcd-f251-4881-9a89-485a76477ac8,World Music Rhythmic.
e0b8ef73-c8aa-4559-ad02-a14a91ce144a,Country Rock Ballad orchestra.
e102dd5e-bc57-4203-b1dd-f61fafddd26b,"Xylophone, House, Electronica. 4X4, Wobble, Deep Razor Bass, Drum Line."
e11056d8-0f8f-4a5d-a606-3c9b94b0c7cd,Dark Evolving.
e11c09b7-b513-436d-9551-4543a8aaadbf,"Comedy, Shanty."
e14ae002-f058-4e2d-a1b2-cd5e465ee583,Turntablism.
e17d885e-3943-4fe6-b6a2-5b43dd233956,"Dark Rock, Emo Rock, Rock."
e1901079-26ab-4f6a-b05f-218c6fcb81c4,Electric Grungy Rock.
e1c7930e-0a4d-4251-9806-82370e44f436,"Dancehall, Catchy."
e2015b0b-973d-4951-a2cd-2e0b1f622240,Country Acoustic Rugged.
e204b74c-e946-493e-94cc-51c72f19ddf3,Smooth R&B Lofi Bedroompop Citypop Vapourwave.
e27cd0b0-43e7-41b6-bbbf-d79ea0d09155,Swing.
e2aa56ce-aaf5-451f-94b1-d09f812c72ad,"Hyphy, Dark Techno, Calypso. Cinematic Dubstep, Techno, Electro, Chillstep."
e2f34371-d7ec-44f6-98f8-1b2304db597d,Fast-Paced 12/8 Guitar Intro With Layered Claps And Syncopated Percussion Creating High-Energy Vibrancy.
e34bd1e8-73ef-46bb-82ec-8c693a4023b0,"Catchy Instrumental Intro, Rhythm And Blues, Lo-Fi Japan. [Electro Swing- Witch House]."
e3a801e0-5c47-476f-9269-4c1bc5c46536,"Raps, Dark Techno."
e414d154-ce2d-4bb5-a6dc-e06e1158697a,"Malaysia Rock Kapak, Everyone Crying. Ballad Sad Love Song."
e4374cde-52cd-41de-9228-4c9132a8104d,"Electronic, Sweet Female Voice, Eerie. Swing, Dreamy, Melodic, Electro, Sad, Emotional, French Pop, Roots Rock."
e444b496-1f5a-4af6-96be-4059b5fd1c5d,Dramatic Aggressive Emo Metal.
e4dd6afc-56eb-41ef-ab33-6697f447e755,"Funk, Jazz, Catchy. Ballad."
e4ebf8e4-0729-4d29-af8b-eebac98081ff,Drum-N-Bass Pulsating.
e5529313-615d-43bf-9360-aa1e56d41bdb,"Female Vocal, R&B, Rap. Slow."
e57eab4b-cdd4-4bfd-88a6-bc9cd2018474,Samba.
e5d8eb8e-e0a5-4f0c-8aa9-2a23c22a0318,"Folk, Indie, Ambiance Intime Mélancolique. Folk/Indie, Instrumental Guitares acoustiques, Banjo, Percussions, Voix Féminine Douce."
e6208f29-4280-4ab7-b7c6-f66370ead550,Brazilian Funk.
e6a6cb09-78de-416c-a6ee-e12ccc6ea52e,Emotive Melodic Ballad Piano-Driven.
e6b85e87-0b0e-48c2-b04a-8fee2d0c99d9,Electronic Hyperpop.
e73a1bb0-9dc3-4625-99e5-5cd5d9ad3c9c,"Breakcore, Idm. Experimental hardcore jungle remix with analog fx distortion glitch fx."
e769638a-ce57-42a3-a801-3373f4f860df,"Catchy Instrumental Solo, One Ok Rock, Japan. Clear Male Voices, Emo, Scream, Audience, Choral, Live Audio."
e775e519-99f5-46db-9447-c4ec79a622e6,Trip Hop.
e79ef657-0e64-4b91-8c98-f1bcf65bb1d1,"Sleek And Confident, With Smooth Synths, Deep Basslines. And Punchy Percussion, Female Voice, Opulent, Hypnotic Feel."
e7afea2a-1880-48e9-9936-c2bb36980445,Trap Hip-Hop Gritty Beats.
e828bdf0-f8d2-4e40-a81f-0c3cc7e9653c,Pop.
e964b28e-af29-4bb4-9ae8-f52a5728ea78,"Heavy hard rocknroll sound, Male voice sound like glam rock, Multi Chorus Like Stadium."
e9dc2b0b-e64e-44cb-830b-80022b59bc36,"Neue Deutsche Härte, Industrial Metal."
ea111412-1910-4210-b23f-1b736435da73,Ai Modern K-Pop Experimental J-Pop K-Rock Hip Hop Idol J-Pop Alternative Rap K-Pop Trap Clear Powerful Female Voices Glitch Reggae Fusion.
ea125492-610d-4d81-9b0d-55e3b43797d2,Electronic Rhythmic High-Energy.
ea1d3dae-1e90-4bbf-a21b-a487576cc98f,"Rap, Film Score, Neo-Classical. Epic, Catchy, Melodic, High Quality, ASMR, Soulful, New Age, Male."
ea46fb83-a9fc-4603-84a0-1f62a97a6e5e,Intense Electric Rock.
ea4a6f85-fab0-4c8a-8215-d4081b9299b4,Deep House Lounge.
ea72b598-fb60-4d88-9b80-a66367eb5df8,"Sundanis Traditional Dangdut, Edm. Piano, Female."
ea9f4e0d-0e23-4e2b-baca-859a0863d799,"Dark Ambient, Dark Abstract, Space. Reverb Females Intercom Vocal, Quantum Choir-step, Monochrome Depth, Dark Euphoric."
eabf1c11-ad9d-4dfd-9ace-eaedd4192900,Pop.
eb4ad4a3-0709-4996-afa7-4eaa2f11b3c5,Synth-Driven Vibrant Electronic.
eb67c955-3af7-480a-b25f-a8e383c2e34c,Blues.
eb854e87-395f-4a9c-b437-0df6505315db,"Only Male Voice, Drum, Live Concert. Balada flamenca reggaeton romantico pop, Bass, balada reggaeton R& flamenco, Coros."
ebd35c4f-efb6-4815-9d78-c05a0ce31d9c,"Alternative Rock, Hard Rock, Thrash Metal. Male Voice."
ec128882-3e63-4865-af85-9d28b15e4a20,"Drum Line, Soft Funk Bass, Memphis R&B. Memphis R&, Regiment Rock, Dissonant Honor Guard, Navy Seal Singer, Death singer, PTSD DRUMS."
ec844eb5-050a-4b31-876f-7708c00c9207,"Rap Dap, Hip Hop, Rap. Pop, Electro, Trap, House, Punk, Rock, Pop Punk."
eceb1c49-f9de-4e67-b371-e9bdf72ae459,"Texas Blues, Gritty, El Guitar. Texas Shuffle Rhythm."
ed510fbd-29af-4119-acba-b081890bf274,"Spoken Word, Talking, Noises. Acapella, Whisper, Speaking, Poetry, Talk, Scream, Yelling, Crazy Voice, Animal."
ed6259fb-fd22-43c9-a732-e0d52b01ccbb,"Cafe Lounge, Miku Vocals, Vocaloid. Doomcore, Vaporwave, Synthwave, Scratch, Random Sounds, Reverse Sounds."
ed8c745c-4d19-4c7d-a287-b189b6b7df32,"J-Punk Ska Pop, Akihabara Cute Pop, Bubblegum Synth. Emocore, Trumpet, French horn, Bass, Cute Avant-Garde Female Vocals."
ed944f02-97b2-49f0-a50c-c6b03b657e97,"Cinematic Orchestral Soundtrack, Soft Electronic Rock, Sad Male Vocal. Catchy Instrumental Intro."
edba4f69-541e-4f2d-9b34-2b4b3330240a,"Mantra Chant, Trance, Female Vocals. Goa."
ee083e90-10e9-422d-b3ca-803eaf2a5ee1,"Generative modular synth track with iterative sequencing and polymorphic rhythm, Evolving Subtly Over Time, Pixel Drift."
eeb7e1aa-f502-4a41-b8bd-d30251b9de51,Aggressive Heavy Chaotic.
ef3e82dd-ac04-40a6-bc35-43efced2798c,Mysterious Jazz Fusion Progressive Syncopated Ambient.
ef4d89ca-ecf6-41e5-9f4c-e7e4c3643a9f,Electronic Pop Danceable.
ef567c70-7640-40a3-8271-f7c305cbfece,"Techno, House, Pop."
efa479dc-1fb9-4fda-ad76-0c794b63bab2,"Cinematic, Catchy, Dramatic. Guitar, 808 Bass, Symphony Boombap Rap, Horns, Sax, Flute, Gritty Suspenseful Voice, Ohh Kay Kay K."
efc6e3c4-a17e-4067-8f45-6f0f635b759a,"Electro Swing. Ambiance : Joyeuse et dansante, Éléments de jazz vintage, Voix Féminine Dynamique Mélodies Jazzy Moderne."
efdb3e62-da00-4d00-b772-4274d6280148,"Alternative Rock. Sad, Slow."
f025fad0-f93e-45d4-8307-53ed3d1adb1a,"Minimal Rock, Orchestral, Woman Singer."
f0b9dd79-d14a-457f-9428-ce2e5a98c50e,Pop.
f0cb3740-16a9-4e57-823e-86ea767794b5,"Singer-Songwriter, Electro. Violin, Cello."
f0f21d90-0c50-46d1-8470-03b416a97176,Vocal Quartet.
f183dfdd-e830-45f8-8b0d-762bb63046f3,"R&B. R&, Female."
f1ca0edf-731d-40d6-86ab-fdc7353d39e6,Hiphop.
f204b63e-2dd9-46fa-8944-4eb164371fa7,"Folk, Pop Punk, Moody. Dark, Throaty Singing, Emotional, Reflective, Harp, Whistles."
f205ecb6-4932-498b-af66-c725ae86bac2,"Symphonic Metal, Alternative Metal, Gothic Metal. Doom Metal, Gothic Alternative, Alternative, Indie, Female voice."
f23610fe-097a-4571-befd-5c5ab2b2e7e4,Metal.
f25cbb9e-e32c-4180-addb-f9fd43842014,Rap Verse Nu Metal Aggressive.
f27271bc-5616-4300-b4da-a0242f66570c,"Male Vocals, Pop, Kick Drum. Hip Hop, Soul, Soft Bass, Fiddle, Piano, R &B, Guitar, Base Guitar, Upright Base, Blues."
f2752faa-cf0a-4bdc-b077-90204ce098dc,"Alternative Rock, Singer-Songwriter, Thx Stereo. epic-Techno, clean crisp male Opera Vocals, Sound Effects, War Song."
f28f279e-2cb7-4e98-91ad-7eeb8a712f05,"Verse Start Gentle. soothing melody with Major key or, Chorus with energy."
f2a2d83c-43f0-4c1e-9d3d-91fd17271abd,High-energy pulsating 80's synthwave.
f2bc6ce0-6ffd-4838-b627-e1b84af73466,"Passionate, Post Rock, Dark Bass. Arena Rock, Anthemic, Melodic, Epic, Nu Metal, High Quality, Heavy Metal, Wild."
f337a0dc-feaa-4f72-8f29-1106fdabdd94,Hit Country Song.
f39ddd52-0ae5-417c-8a86-480f1f93c5f7,Inspirational Pop.
f3ca4afb-bf8a-43c8-9d67-d3211621862c,"Suspenseful Light Soundtrack, Somber. Slow."
f43662e7-41f8-433b-bad6-26690c7165e2,A musical composition.
f4daa26a-aeb8-4904-b86b-af97e123d83d,Calming Sleep Music.
f5550fb9-9e62-42bd-bd95-82424cb10f30,"Irish, Folk, Bagpipe. Flute, Drum, Lute, Traditional, Soft, Hopeful."
f58701ca-b2fb-4df3-9699-45a0d99f4a74,Futuristic Glitch Edm.
f587affc-440e-4d4d-9d52-d5dc0771f445,Acoustic Raw Blues.
f5f7ba0b-500a-4bb8-a597-d7fd2daec54b,Glitch.
f660fb2a-3f1e-4553-8514-2d5431a370ad,Powerful Hardrock Sassy Sexy Guitars.
f6810575-1d02-4f14-9ab0-4a385b1ec2fe,"Girl Group Pop, Soulful Harmonies, R&B Influences. R& influences, Breathy Vocals, Smooth Bass, Emotional Dynamics."
f690fb63-aef6-4ca1-99cf-8de4b75c775e,"Chill-Lofi, Soft Piano. Female, Dreamy."
f6a9e3af-7aac-418e-aa9d-f290e8af4726,Metalcore Cantado Suavemente.
f6b2b779-5f6f-49c4-b2e4-78d875cefd4d,Chrétienne Uplifting Joyful.
f6ee0ff9-2241-4ae1-a8a1-36557637d854,"Afro-House, Deep House, Soulful House. African rhythms."
f78e88c0-d06a-4cd3-9250-1bc0db29b84a,"Hard Rock, Grunge, Trap Rap. Hard, Rap, Bass, Funk, punk Rock, Dubstep, Boogie, Bounce, Gospel, Worship, Christian Rock."
f799a966-9e88-41b4-8c93-5377dcae8d78,"Futuristic, Soft Futuristic, Futuristic Cinematic. [Artcore], Syncopated Anime, Sweet Female Vocals, Emotional."
f7ae5796-1b70-4965-aa1e-b553cbf2f3c0,"Emotional-Melodic-Clear-Male-Vocals, Moderate-Tempo. Havana 2-step."
f7e275a4-7824-4d3b-866e-c8bccb906b05,"Drum N Bass, D'N'B, Jungle. Atmospheric, Choppy Vocals, Operatic."
f82c1bc0-ee9d-46a4-a9d0-853a670bb4f9,"Epic Rock, Gothic Rock, War Beat. Opernchor, Streichorchester, Trommelmarsch, Epischer Chor."
f890c7eb-7311-4917-9c9e-ca19cbfdbec8,"Art Tango, Happy."
f8bd2d09-79ca-40b3-8f8e-50abcdd62ff4,"Clear Vocals, Punchy Synth Funk, Stampede Statements."
f926eb1a-41c5-4f49-ba51-4d03d7cc66a2,Uplifting Pop.
fa524f33-1f40-4d26-9d00-2ea1dafa61b9,"Drum And Bass, Liquid Dnb, Sub Bass. Deep drum and bass, Ethereal, Epic, Drive, Synth, Rhythmic, Heavy, Dreamy, Cloud."
fa7ae89a-3607-4185-9bec-9ef74c352f77,"Trap, Rap."
fb8c0b94-b0da-4b96-99ec-2c4ee7bbb118,Dance Happy.
fb975257-25e6-426c-bd31-c682b9e46b98,"Macabre, Trap Rock, Punk. Free Jazz, love Trap, Drill, Heavy 808, Glitch Hop."
fbee9eab-78d4-412f-9a07-de3ce0692714,"Acuistic Guitar, Emotional, Passionate, Piano. Violin, Uplifting, Rhyming."
fbf478bf-cdc6-44d8-b21c-5dbe1cb926c6,A musical composition.
fc77658e-f682-4e62-9745-bfdfc32a1527,Club Funky Disco Dancing catchy sounds with happy feeling.
fc9b9a33-4616-47d2-aee4-89b5f21f2a49,Techno Trap Hip Hop Afrobeat.
fcaaad4a-3615-42f2-9704-ba13971bd231,"Symphonic, Stomps, Claps. Epic, Acapella, Cinematic, Heavy-Bass, Catchy, Scolding."
fcbeb438-9a3b-4937-bfc6-5d63643cbb87,A musical composition.
fd2380a0-fb0d-48e5-add4-35342771049f,"Rock, Techno, Funk. Hard Techno, Electro, Pop, Battle Rap, Beat, Male Voice, Cast Group."
fd5328cf-67c8-448f-847a-dccee6ab15a7,Male Vocals Solo Edm Drop Chillwave Sad.
fd892c72-a892-4797-b44a-a8d7ac18d0a9,Country Rap Line Dancing Musical Up Beat Style.
fe4fd3e6-47cd-45fb-8d3d-2ed1537f4e3f,Pop.
fe6e5247-5b66-4fdb-b92c-4329e6880118,Rhythmic Groovy Funk.
fe7ada08-fb64-4b59-9fd0-7abb0678b3c7,"Balalaika, Industrial Rap, Techno. House, Ambient Downtempo."
fefff706-a735-4690-a6ec-e58176fd6e65,"Upbeat, Whimsical Folk-Pop With A Playful, Quirky Edge And A Strong Emphasis On Joyful Melodies And Positive Lyrics."
ff3d66ea-56db-481b-adb9-005d2fea380c,Melodic Dubstep.
ff4fdfc1-c126-4ef7-9d08-5e1d1b8d0e96,Athem Rock Dangdut.
ffc1864d-5eed-43f6-bbb7-1576c610a08a,"Reggae Fusion, Reggae, Hip Hop."