track_id,caption
00289f72-fbb5-49fb-9e6e-d062b5eecae7,A medium-paced Orchestral Alternative Uplifting song in F# minor.
003d0ee0-728d-42a5-9b90-ddfacb4e2817,A medium-paced Pop song in A# minor.
0071c830-64a6-4254-be3a-1cfd0611948d,This Pop piece is in A# minor with a medium-paced pace.
00ab8ae8-04c7-4bb0-afcd-03c76096c5df,This piece is in E major with a slow pace.
00d81f29-74e0-4a2b-a03c-7cba1dc36ae4,"A medium-paced Andy Winehouse, True King Bass, Tragic Magic Cello song in G# minor."
010d2929-8745-4bf9-8d17-e6c32e190e53,"A fast-paced Male Vocal, Hip Hop Techno song in E major."
0146e85d-d3dc-4804-8ae2-47fdbf297a1f,This Pop-Rock piece is in D# major with a medium-paced pace.
01655156-ad80-4662-b8aa-a008c6ee0dd5,A fast-paced track in E major.
02352df2-76ad-4e9c-b289-d1c5e3ddd408,"This Emotional, Electric, Alternative Rock piece is in G# major with a medium-paced pace."
025cb6c3-6d26-4304-9005-0d36e248c9a1,"A medium-paced track in D# major. Genre: Female Vocals, Pop, Rock."
029faa4b-4007-42d7-84dc-23bc23a36094,"This City-Pop, Pop piece is in C minor with a medium-paced pace."
02e9e85a-c066-4b39-a0d8-1ed40a4d47e7,"A fast-paced track in G major. Genre: Jazz, R&B, Clapping."
03354439-084c-4793-a44d-ed929caa8b40,A medium-paced track in G major. Genre: Rock.
03dc40ef-e9cc-4003-8fd0-1743c2f8956d,A fast-paced track in D# major.
03f7caf5-daa6-49ea-8160-f3bd53de6572,"Set in G minor, this medium-paced Powerful Electric Rock composition."
0421b0dd-6c18-47b6-8690-b04cfd77b8f1,"A medium-paced Vulnerable Female Vocals, Honest, Breathless song in D major."
04a59171-94e9-4ee2-8781-c8ad67156d87,"A medium-paced Hip-Hop, Latin Percussion, Mariachi Trumpets song in F major."
04f53d30-d1a2-4b29-b938-a1b0aad7483c,This piece is in D minor with a medium-paced pace.
051db367-c03c-4bbc-8825-e183eed27f7a,"Set in C minor, this medium-paced Gritty Intricate Gangsta composition."
058c6f20-ffb3-4b78-ac6c-48c4a01c49bb,This piece is in E minor with a slow pace.
05c34738-9776-44fa-ac31-eef1faa0f282,This piece is in B minor with a fast-paced pace.
05fcc7c7-7161-4dd6-99ab-5c448ef4bcba,A medium-paced track in G# major. Genre: Pop Playful.
06fc804d-207a-4567-a6e3-139540cbc3e3,"Set in B minor, this medium-paced Cosmic, Warrior Chants, Gothic composition."
07e75e38-76cc-4287-b0cc-2970188c419d,A medium-paced track in B minor. Genre: Mandelão Baile Funk.
07f07132-326a-4d39-8139-ea643ef566ac,"A medium-paced track in D minor. Genre: Folksy Lullaby, Whimsical & Cozy, Soft Acoustic Guitar."
07f74a3d-8f3e-4a7e-9f99-be4f7dd19edf,A slow track in B minor.
08525ffb-8951-4e0d-8331-2d7e418da5f7,This Electronic Cyberpunk Edgy piece is in F major with a medium-paced pace.
087b5155-0fd5-4620-a392-5101e7d88a5b,"Set in B minor, this slow Drum, Chanting, Australian Music Style composition."
089865b0-8886-4fa3-b778-45ca1e2aa0be,"This House, Sampled, Immersive piece is in F minor with a fast-paced pace."
09a9c417-9d55-47f5-95b1-fb0d120d0b56,This piece is in B minor with a fast-paced pace.
0a01f369-1f64-4de8-9097-cb9ac42583a4,This piece is in C minor with a fast-paced pace.
0a270cf4-8807-4aea-b3fe-0dde369650a7,"This Scifi, Cosmic, Violins piece is in F major with a fast-paced pace."
0a40303c-db49-4e33-9c74-0bebdab97462,A fast-paced track in E minor.
0a85aae0-57ea-424c-a0fd-d30d6f4ebd8f,A very fast Drips song in B major.
0a996190-7a9c-452b-9805-c20077110a9c,This Club-Trap Hip-Hop Dark piece is in C# major with a medium-paced pace.
0b0d1709-d7f7-495e-9c4d-7f93ab61911c,This piece is in A# major with a fast-paced pace.
0b1bdfb2-2755-4eb2-a5d1-f2d4395280a0,"This Hip-Hop, Electronic, Alternative R&B piece is in D minor with a medium-paced pace."
0b4c51ca-e0ef-4a5f-a6cb-e4cfb6fbe5d5,This piece is in G major with a medium-paced pace.
0bc28071-9d0e-4778-bb37-d93067f1e551,A fast-paced Cheerful Quirky song in C major.
0bd35fdd-b864-4cf3-8874-bae5328fac80,"A medium-paced Deutschrap, German Hip-Hop, Hip-Hop song in G minor."
0be49c2a-a80f-433b-a42a-88383d7fdee2,"A medium-paced track in D major. Genre: Female Vocal, Emotional, Midwestern Emo."
0c33fc49-a81b-4144-a871-02b4cea33e75,"Set in E major, this fast-paced Psychedelic Rock composition."
0cb4c36c-0628-46a9-8642-699e57b03b08,"A very fast K-Pop, Horror, Evil song in C major."
0ce21efe-7a69-44f3-80e8-bc9d1ba5ded7,"A medium-paced track in F minor. Genre: Metalcore, Ambient, Technical Death Metal."
0d08573e-a144-46e1-a321-754f515e89f1,A slow track in E minor. Genre: Rap.
0d2c89db-0216-4aaf-a6ab-9b6e828a6606,"This Anthem Rock, Soft Rock, Electronic Rock piece is in E major with a slow pace."
0d65fe3c-f6f5-4521-b846-99c5ce1c8704,"Set in E major, this slow Pop Rock composition."
0ebfefea-7a7d-45df-ad3b-d0e0efd22a7a,"This Cajun, New Wave, Rock piece is in C major with a medium-paced pace."
0f031ff3-8ddc-4e6d-9188-7162791b3886,"Set in G major, this fast-paced Vocal Powerhouse, Vocal Ornamentation, Perfect Eq composition."
0fa18eb0-2049-41b6-88e3-71754331884f,"A slow Mechanic Female Voice, Dark Electro, Epic  Bass song in C# major."
0fd4aa0c-ff74-4ef0-ab4f-0fa2a9d36283,This Traditional Gospel piece is in F# major with a fast-paced pace.
103c040d-0d3e-4b81-839f-c232d4cf29fc,This piece is in C# major with a fast-paced pace.
1049ed60-d552-481d-8c87-0a7803987721,"A very fast Electro Swing, Video Game, Catchy song in A major."
104c3597-aad7-47fe-b1cb-38c8fa1c5cfb,"Set in E major, this very fast Childeren Poem, Childeren Song, Kidss Poem composition."
107086e1-1eff-47bc-9c1c-4febb0fd94c1,"Set in C major, this medium-paced Black Metal, Chamber Orchestra, Heavy Riffing composition."
1074275a-1f73-459b-902f-e936aa92edab,A fast-paced track in B minor.
10c1b3a5-bbde-47b7-8bb9-b1a574c80bf5,"A fast-paced track in G major. Genre: Phonk Intro, Super Bass, Hiphop."
11121719-35f1-4863-9475-227d4aac4830,"Set in C major, this medium-paced Pop Duet Lively composition."
11bb90ee-6db9-4c52-8a2c-dd0a6da4847d,A fast-paced track in B major. Genre: New Orleans Trance.
11ff4b80-e150-47a2-8a1d-d4bff0935733,"This Power Metal, Ska- Core, J-Pop piece is in G minor with a fast-paced pace."
121dae8d-25fe-491f-b63b-eb304575aac8,"This English, Steel Guitar piece is in E minor with a fast-paced pace."
128ad174-8020-4040-bb2f-c6eb3c6219f7,"A slow track in B minor. Genre: Rap, Techno, Trap."
12aa47b6-b909-42a2-9211-00f244229b7b,"A slow track in A# minor. Genre: Sad Trap, Rock."
12d19149-1ece-4f3e-ba42-6f218b253536,"A fast-paced track in A# minor. Genre: Upbeat Rock, Slow Progressive Rock."
133721ef-b0d7-4176-a4d9-e0376dbf7f0d,"A slow track in A# minor. Genre: Pop, Alternative Folk, Emotional."
1479e265-9e36-4647-91fc-47a8e6dae3c9,A slow track in A# minor.
148158e6-5940-40a5-8da9-576e85752850,"Set in C major, this fast-paced Cinematic, Trip Hop, Urban composition."
1487eaec-69d3-473b-8ac9-1989b8d529e6,"Set in A# major, this medium-paced Salsa composition."
14a46498-a3db-4ffe-995c-26d514feb1f3,"A slow track in B major. Genre: Drum And Bass, Jungle, Hardcore."
14baa8a0-afa9-4df4-b85f-d98444f6675c,"A medium-paced Death Metal, Beat Displacement, Brutal song in A minor."
14f03b9a-fc03-4391-bbd5-5db63a1ace8c,"Set in G# major, this medium-paced High-Energy Pop, Playful, Electric Beats composition."
150a08c6-fe4b-48c3-9567-bcd223520d0a,A medium-paced Laid-Back Jazz Soulful song in E major.
153b8811-cae4-4d3b-b075-e89000d6eb26,A medium-paced track in G# major. Genre: Rock Dinamika.
15d3fd0d-d029-434f-8e12-bab4f47568a2,This piece is in F major with a medium-paced pace.
160df0e2-673b-40e3-bd5d-b5a33d89ee5d,A fast-paced track in G# minor.
1611d28b-57cb-479a-811e-f793843c6d10,"A medium-paced track in D minor. Genre: Introduction] Indian Sitar, Accompaniment] Tabla, Sarod [Solo] Flute."
1632afe0-1a5e-42eb-b204-b275106e7f0b,A fast-paced track in C major. Genre: Electronic Uplifting Enchanting.
16beb7d8-1963-4216-a45b-b8c4390a09dd,A fast-paced track in F# major.
171ab4d7-9d93-4216-bcbf-b9607d85d1f2,"A fast-paced track in F major. Genre: Reggaeton, Trap, Rap."
17384a26-cbbe-4622-b7d0-f22dfcf7e0ea,A slow track in G minor.
17829140-e1a5-44e3-aacc-6e98dec54b9d,"Set in D# minor, this medium-paced Rap, Hip Hop, Electro composition."
17c55f82-fceb-4941-9115-926f0f135d02,A medium-paced Pop song in D# major.
17d9b625-3277-4d4a-bfc7-f95098b97767,A medium-paced Rock And Roll song in F# minor.
17ef4295-c87e-4772-9fb5-2c769cf1e726,"A fast-paced Hard Rock, Female Singer song in B minor."
18400a78-8211-4c36-b61b-52bcf2cc13f5,This Electronic Avant-Garde Experimental piece is in F major with a fast-paced pace.
187e2273-fb3b-42a6-942c-4626852fd6bb,This piece is in D minor with a medium-paced pace.
18a969ce-8e91-40a0-b242-88496816951d,"A medium-paced track in C# major. Genre: Junglist Dark Electronica, Pulsating Basslines."
18d25b02-3e4f-4ab1-b37c-c245e62c62cd,"A fast-paced track in E major. Genre: Makedonski Rap, Trap."
19589f4c-6d94-4322-93bb-c7f2044bf778,A fast-paced Pop song in G# major.
19e09706-40b5-4980-8b1a-870ea9ec4ab1,"Set in F# minor, this medium-paced Rap, Hip Hop, Diss Track composition."
1a1c1909-4d05-430c-b9dc-b57e7d996ce0,"A fast-paced Mysterious, Dubstepcore, Dubstep song in B major."
1a3226ce-d6a5-4f4a-b6b7-4e648e34e3c0,This piece is in G minor with a fast-paced pace.
1aa2c635-ae32-4ab2-95a2-8b431d13c7dc,"A fast-paced Nu Metal, Electronic Rock, Pop song in B minor."
1af9abf0-ed40-4d22-bc95-b1c67850f3c0,"A fast-paced track in B minor. Genre: Angola, Afro."
1b73968f-6771-492a-a942-c3c9a10336b6,"This Heartbroken, Moody, Lo-Fi piece is in D major with a medium-paced pace."
1ba47840-dc20-4a4d-ab63-009a245b0602,"A medium-paced track in E major. Genre: Progressive Build-Ups, Glitch Beep Fx, Heavy Percussion."
1be87f45-c01e-435c-94db-c483c8acbb3e,A medium-paced track in D minor. Genre: Tone.
1c03f62d-dc0f-4b46-8a94-2eeb2e09bb0f,"A very fast Songwriter, Acustic, Umplugged song in D minor."
1c17730a-4b6e-4d24-9802-6e11c02eff89,This piece is in G# major with a medium-paced pace.
1c357871-fe06-4eed-a14a-1b51bb1a8e58,A medium-paced track in A# minor.
1c4c6c01-fedc-4d7e-9e7d-b784bbe47a3a,A slow Soothing Tranquil Ambient song in C major.
1c568b9d-209c-4d81-ad0a-60b4ff967f16,"This Instrumental Rock Ballad, Horror Music, Film Scores piece is in F major with a medium-paced pace."
1c81b250-c878-4a65-afc4-b5038458c594,A medium-paced Lighthearted Kid'S Song song in F# minor.
1cdaf471-f892-49e6-a36b-e048181a8597,"A slow Jazz, Jamaican song in A# major."
1ceb9deb-0360-482d-a2f8-73575d3e6b0e,"A medium-paced track in G# major. Genre: Alternative Rock, Singer-Songwriter, Thx Stereo."
1d0044c9-50e6-423c-a039-6a9d2c52f96a,"A fast-paced track in E major. Genre: Hopeful, Pop, Uplifting."
1d12373d-b531-4968-ba90-fced67823210,This Reggae piece is in A# minor with a medium-paced pace.
1d12dde4-7c3e-4a49-adc4-c6670efa8d56,"Set in G major, this fast-paced Rap, Hip-Hop, Trap composition."
1d8621be-4b76-41bd-9851-b38af6e603fd,"Set in E minor, this very fast Ambient Electronic Atmospheric composition."
1da4036e-894e-4521-9637-97792deda839,A very fast track in E major.
1dd0f339-f12d-4604-858a-8da997e7331b,A slow track in C major.
1e295afb-cb8f-47c6-9350-0cdec8fdafbb,"A fast-paced Symphonic, Classical Orchestral, Celtic song in A# major."
1e95ed7c-cbfb-49ea-bee0-ecf4c6b2678b,This piece is in G major with a fast-paced pace.
1ea89754-00cd-4c23-a898-c77b14094e06,"A very fast Genre: Nerdcore, Synth Strings, Brass Stabs song in D# major."
1eb9ec02-54ab-448d-a0d8-dacc6a051ef6,A slow track in C major. Genre: Ballad Atmospheric Electronic.
1eef117f-a75f-4d2d-ab5c-73febdf396a8,"A fast-paced track in E major. Genre: J-Punk Ska Pop, Akihabara Cute Pop, Bubblegum Synth."
1f85ee3c-5a11-44ad-bb18-c3e57b4f4179,A medium-paced track in E major. Genre: Melodic Bass-Heavy Techno.
1ffb455f-db00-456c-b18d-8afb491626b5,"Set in F# minor, this fast-paced Waltz, Pensive Female Voice, Medium Tempo composition."
2002640a-04b2-449c-874d-793db81ec444,"Set in G minor, this fast-paced Jersey Club, Nola Bounce, Jungle composition."
206feaf3-940e-4ecd-af59-722a8e0bd787,"Set in E major, this fast-paced Edm, Compressed Bass, Compressed Drums composition."
209307d5-3bab-4edf-8851-00bef45b9404,A fast-paced Russian Romance song in A major.
20bb682e-0925-4434-9016-41a8e8348bf3,"This Duet, Deep, Nuclear piece is in E major with a medium-paced pace."
20ca208c-efcb-4e67-8a25-ae046827d6bd,"A fast-paced track in F# major. Genre: Syncopated Anime, Sweet Female Vocals."
210fb2d6-0cc8-4c06-8e4b-7689e8c501c9,This piece is in B minor with a medium-paced pace.
215db900-8b8f-4203-a9b3-5570b3432c55,"Set in F# minor, this medium-paced Orchestral Harmonic Classical composition."
2162b9e0-a312-4a7d-af2b-994fd089076d,A fast-paced track in F# minor.
220eea98-fedf-4bcb-87f1-45230928be28,"A medium-paced Space, Bleep Sounds, Happy Song song in G# major."
226c49b0-672e-470b-a1c7-05ff640c15a0,"Set in E major, this slow Rock, Progressive, Blues composition."
229655be-c22f-4ec7-a59f-9125e53b1e7f,A medium-paced Rap song in G minor.
22c09a42-505d-4dae-b0c2-350841e4395f,"Set in D# major, this very fast Dirty Progressive Rock, House Jazz, Ambient Grunge composition."
22c52037-3381-4eef-8f3f-e444ef12efdd,A fast-paced Bachata song in E major.
23255f35-3107-4545-a8da-4987f7345640,"This Hard Rock, Metal piece is in G major with a medium-paced pace."
2342662d-7dee-4dc5-b144-140296241a74,"Set in C minor, this medium-paced Liquid Funk, Atmospheric Energy, Jazz composition."
23bb0b5b-c08f-40f2-8bce-b5b7b1bd4ea8,"This Somber Instrumental, Solemn Mood piece is in A# minor with a slow pace."
24ea4b6f-c69c-43c9-9da5-ee10192c02b5,"A fast-paced track in G major. Genre: Electro Pop, Synth Heavy, Hard Bass."
251229ac-2894-43b2-8010-601f4aeedf82,"Set in F major, this medium-paced Turkish Classical composition."
251b88b7-6b1f-4fad-8b5d-9add92386b47,"A medium-paced Hip Hop, Trap, Chicago House song in C minor."
25864737-6583-4945-a012-d46e7898f628,This Pop Electronic piece is in D# major with a fast-paced pace.
259f2197-9cf4-419a-9d3a-3c3f28709244,"This Synth-Pop, Industrial Rock, Darkwave piece is in A major with a fast-paced pace."
25bfb672-546b-4bff-9749-697ae26ad447,"Set in B minor, this medium-paced Dance Music, Pop, Stylish composition."
25cf5270-a54f-4182-a561-df9e2d10c487,This Bengali Music piece is in F# minor with a medium-paced pace.
25d4de9f-058f-4a80-bf60-3f2476c42875,"A fast-paced Male Voice, Alternative Rock, Grunge song in G major."
25e13c2b-4c32-482e-84a0-206dbad7e671,"Set in C# major, this medium-paced A Fierce, Female Voices composition."
2600fc3a-96b8-42a8-9378-d2f3eb883b2f,"This Stuttering, Female Sultry Vocalist, Koto Vibe piece is in F minor with a fast-paced pace."
263a2be3-07b5-407e-b589-9ebd2cfe9a19,A slow track in C major.
272c17f9-6c80-4d1a-8fb3-d390a2ab3dbb,A fast-paced track in E major.
2743b8df-af68-4bc9-9862-f66f2436de6f,"A fast-paced track in D major. Genre: Start Slow, Whisper, Sexy."
27b26090-0b49-44dd-a1e3-111f7938aa74,"Set in A major, this fast-paced Style: Dance composition."
27ede5ad-8719-47cd-8632-7c5118600295,"A medium-paced track in E minor. Genre: Comedy-Folk, Tone: Quirky, Absurd."
28467225-85c5-4c50-b40a-e770dd89da3e,"Set in A# minor, this fast-paced Acoustic Melancholic Folk composition."
2890f7c9-60b4-46ce-bb89-3051aec85712,A fast-paced track in B minor. Genre: Electronic Quirky.
28c238a0-8463-4713-9a5a-dc648b055016,"A medium-paced track in G# minor. Genre: Classic, Neuro, Drum And Bass."
28f8c71f-9ab6-4487-99fb-b38d8e572700,"Set in D major, this slow Off-Beat, Satire, Norsk composition."
2956d3e3-0f61-4198-b669-59643f3689d9,This Fun Electronic piece is in G# major with a fast-paced pace.
297865b8-c3a5-4d7c-ab5b-0b376a94ca5c,"This Electronic, Dance, Futuristic piece is in A# major with a fast-paced pace."
299a7bce-b8c8-4c91-80a9-a120ca5ee997,A slow track in G# major. Genre: “A Deeply Sad.
29a3490b-33c1-4971-a347-299ddd01d64f,"A fast-paced Trap, Hip-Hop, Chicago song in A# minor."
29b775dd-8a11-4615-b5e7-c3a116879f44,A fast-paced track in A# minor. Genre: Ambient Soothing.
2a08bff0-5a07-4f38-aeef-d91ec3a701f5,This piece is in B minor with a fast-paced pace.
2a7090c8-628f-48f8-967d-ad5e6af32e95,A slow Electronic Pop song in A# minor.
2ad0de6c-01b8-47a3-ad4e-ae4b39998167,"This Dark Cabaret, Female Vocals, Gothic Bubblegum Trap piece is in G minor with a very fast pace."
2b2491f0-be2b-4d20-a21d-8c00d517039b,This piece is in A minor with a medium-paced pace.
2b39ff9e-b99a-4b47-939d-1027db33d811,"A very fast Love Again, Psychedelic Trip Hop song in G# major."
2b66cd93-337b-49e2-b541-d45bfd6bc365,"Set in E minor, this very fast Acoustic, Pop, Male Vocals composition."
2be181ec-12da-4251-930b-cd6fb9281eab,"Set in F minor, this fast-paced Fast Phonk, Very Fast Phonk, Phonk composition."
2be19fe4-a563-43c5-9a75-a33d75df41fe,"Set in F major, this medium-paced Ambient composition."
2bfcd8e3-43df-443e-9724-3f57633ee1b2,"Set in D# major, this fast-paced Ambient, Eerie, Sad Sublime composition."
2c5114ed-42c2-483b-9654-ffc8f723aa2f,This Rock piece is in A# minor with a fast-paced pace.
2c7cc5b8-260a-40d8-b7b6-562b1834a20b,A medium-paced track in F major.
2d29a95e-a4b7-48cc-a2bd-d1a0e7c7eb51,"Set in D minor, this fast-paced Synth-Pop Electronic composition."
2d444216-ee9b-405f-b716-ba6df7e93702,"Set in A# minor, this slow Quiet Storm, Slow Folk Pop, Motown composition."
2d645caf-1546-480e-92b0-b3cf7ea24a5f,This J-Pop Electronic piece is in A# minor with a medium-paced pace.
2d65003d-a780-4786-a12e-d2e9d8c8060a,This piece is in C# major with a fast-paced pace.
2e0d9133-3bad-40e6-bb73-c4812e8bc98c,"Set in D# major, this medium-paced Soulful Funk composition."
2e4f109b-61bd-48dd-a583-e62ae23c6ef2,A medium-paced track in G# major. Genre: K-Pop.
2e72223d-0616-45c9-ad9e-d07d740ddddf,"This Melodic Metal, Bit Music, Game Music piece is in B minor with a very fast pace."
2e81726d-e950-46f2-8a7f-be953e1e2077,"A very fast track in A# minor. Genre: Piano Chillstep, Emotional Female Vocals, Emotional."
2e83753c-7b46-4491-8337-0da9bdd8263e,"A slow track in F major. Genre: Orchestral Soundtrack, Wave."
2e9b9e53-73e0-444f-90e0-484a3717c949,"A fast-paced track in E major. Genre: Pop, Classical Piano, Melancholic."
2ed6b736-0c3d-4464-a783-9e2454104c7f,"A fast-paced Growl Vocal, Sundanese, Keroncong song in C# major."
2ee13935-ae50-4b39-a7c9-773a06bb5d6c,A medium-paced Metal Epic Ballad song in D# major.
2efadde5-d5da-4dce-951a-af8f7f3d2096,"A medium-paced track in B minor. Genre: Dubstep, Grindcore, Gregorian."
2f18a769-6210-4c3d-adcd-b1341f3f8635,"Set in G# major, this very fast Romantic Pop, Rock composition."
2fb22d4f-54c6-4fae-a887-6c608ec30e49,"A fast-paced track in E major. Genre: Samba, Jazz, Bossa Nova."
301c3ac4-71f4-4ab9-abbb-56bd455bb24b,"A fast-paced Flamenco, Rumba, Gypsy Jazz song in E minor."
30918a58-457e-43fe-b030-fe91cb15252c,"A medium-paced Shoegaze, Synthwave, Metalcore song in D major."
30b4f983-4d23-426f-a55b-348ee7cfc1c0,"Set in C minor, this fast-paced Hollywood Movies, Oscars, Grammys composition."
30fd68b1-6053-4b47-b845-019b91ada734,A fast-paced track in F# minor.
3120288f-f712-4e44-be7f-c9cf9e6a7c4c,"A fast-paced track in C# minor. Genre: Scream, Agressive."
31247486-1bfd-4fe3-845c-80cb349654d8,This Anthemic Rock piece is in D# major with a slow pace.
31451434-8c72-42e9-a4d7-0266390feeeb,This piece is in E major with a slow pace.
314d2524-d9fc-4fc1-aceb-1b5ab6da6aab,This piece is in D# major with a fast-paced pace.
3281ceb1-fe4c-4fe0-85b5-fe91113fcad8,"A fast-paced Rap Metal, Industrial, Video Game Music song in B minor."
329b3d8e-43f2-41b9-bc00-21748ea0afe8,"A fast-paced track in G major. Genre: Post-Alt, Post-Rock."
32af6fad-8d84-45d2-98da-93971c563347,A slow track in F# major. Genre: Electric Rap Rock.
33116025-8276-4617-8f03-776361fd84a9,"A fast-paced track in B major. Genre: Female Singer, Male Rap, Ragga."
3343f0fc-5d92-4866-b831-1c85f2daaaa5,"A fast-paced track in D minor. Genre: Lighthearted, Humorous, Piano Bass."
334b2494-3588-4a63-a09e-c6768924c924,"This Female Vocals Only, Organic Sounds Only, Clap piece is in C minor with a medium-paced pace."
3365211a-e90e-4e51-87e2-d687b4257058,A very fast track in C major.
33b18ce6-4491-4589-b033-d823e2f7beb0,"Set in D# major, this fast-paced Electronic, Fast Tempo, Synthpop composition."
33c27790-a206-44de-8f55-e26fc43469cd,This Pop Love Melodic piece is in A# minor with a slow pace.
33d7218d-a34a-4810-b47c-798ee98c7674,"Set in A# minor, this medium-paced Progressive Metal, Atmospheric Metal, Space Metal composition."
34249b22-65a0-48d9-8dcf-c014104e85a7,A fast-paced Electronic Haunting Introspective song in E major.
35241e72-accd-403a-a6b7-b93db825faca,This piece is in G# major with a fast-paced pace.
3529b756-ada4-474d-af0e-736ff474338f,A medium-paced track in F major.
3538f88d-797e-4974-81d7-282483a73a0c,"Set in F major, this fast-paced Vocaloid composition."
35b50af6-e16f-4d34-90d8-119d6e41ba9d,A medium-paced Satirical Rock song in F# minor.
35c78fdf-3da9-43aa-9830-db72e2ebc9be,A medium-paced track in D# major.
3611ee36-c659-4fff-aabc-85c044146e6c,A fast-paced Énergique Pop Entraînant song in G minor.
3670c385-370b-405d-a90b-6bbd583efe05,"Set in B minor, this medium-paced Mele Vocals, Bass Bass Haos composition."
3701c5bd-3dfb-4f06-8d3e-840a599d2c13,This piece is in F# minor with a slow pace.
3821d994-4110-43b1-8fd7-35b5d5e2b2b4,"Set in E minor, this medium-paced Symphonic Solemn Orchestral composition."
382449e4-3f18-4b75-b293-9964c93b67cf,"A fast-paced Salsa, Reggaeton, Urban Tropical Rhythms song in B minor."
3895d058-bf8d-4f5c-bd3c-fd9622a0456b,"A fast-paced track in D minor. Genre: Slow Ballad, Forest Ambient, Symphonic Metal."
389bd8d9-08c8-43b3-8ca6-908c8a40bc48,"This Acid Bass, Hard Bass, Edm piece is in B minor with a medium-paced pace."
38d62a4d-6c8a-4230-a917-bc9f84ace5ce,A slow A Gritty song in D# major.
39aaaff5-0bf0-43de-be85-bdeefefbe718,"Set in G# minor, this medium-paced Post-Minimalism, Ambient, Binaural composition."
39f1614c-03a6-41b5-8f93-99983f19a882,"A fast-paced track in C major. Genre: Pop Emo, Fusion, Crossover."
3aac1b5b-bc75-4627-8d01-d4a5bb13d3fa,This piece is in F# major with a fast-paced pace.
3bca717d-147b-4279-8fc3-1bb0fcbbdb07,A slow track in A major.
3bde4d25-9117-4a02-b0ee-9c4b78f71239,"Set in D minor, this fast-paced Gothic Orchestral Dark composition."
3c0e2dd3-2be3-4884-8220-8c7ee32e3146,"This Portuguese Of Portugal, Emotional Male Vocals, Idrums piece is in E major with a very fast pace."
3c708108-1cc6-40d2-9193-1fd0da08a4a5,"A medium-paced track in G minor. Genre: Hip-Hop, Rap, Remix."
3c77a61e-0304-438c-bd51-20506952d967,"A slow track in G# minor. Genre: Coloratura Soprano, Catchy, Polyphony."
3c895fd7-7cb7-40c9-a735-7651b96f5425,A medium-paced track in D minor.
3d1ba2a3-f72d-4436-925e-b1c96cda277e,This German Techno piece is in G minor with a fast-paced pace.
3d701e29-defd-4ed1-b9b9-81037a8cf78f,"Set in B minor, this fast-paced Comprehensive Instrumental, Edm, Trance composition."
3db68405-ea32-4e19-9195-480ae8a62ebb,"Set in E minor, this medium-paced Raw Rock composition."
3de30088-27af-483d-a0d5-d19a9d9275b9,This Ambient Dreamy Electronic piece is in C major with a fast-paced pace.
3de61217-72bb-41bb-8d25-50c604c20590,A fast-paced Anthemic Rock song in D# major.
3de6397c-1421-4cfa-ac08-3fdb93d49217,"A fast-paced Fast Tempo, Dark Industrial Trap, Horrorcore song in A major."
3df61639-bcb3-4458-9758-b8b53a7b3938,A medium-paced Rap song in D minor.
3e59b280-8f68-4dfa-bfd9-f30e09eb4f68,A medium-paced track in F# minor.
3e9423ac-8f6f-4a34-9862-ea93488af4a5,This Rhythmic Pop piece is in C minor with a fast-paced pace.
3eacc454-1470-4fab-9625-f748c467ff2a,"A fast-paced Death Metal, Hardrock song in C# major."
3eec8dca-17b9-4343-98d9-5d19979f18c6,"This Techno Bass, Bass Trap piece is in A major with a fast-paced pace."
3ef06c5a-3fad-4a5a-bb6a-eb461d29de98,A fast-paced track in D minor.
3f616dd9-33ec-48f5-97f8-7cba2889ceae,This Tango. Male Voice piece is in E major with a medium-paced pace.
3f9997da-9760-48de-acae-191eba115f37,A medium-paced track in D minor.
3fbf9180-99e9-4a53-aa12-536a4d5bfc3e,A medium-paced track in E major.
3fe5012e-c6fc-4718-8abc-996480858a14,A fast-paced track in F# minor. Genre: Emotional Happy Melodious.
4013f1cc-ad9a-48ff-86e6-271e3362bf4a,"A medium-paced track in D major. Genre: Military  March, Military Song, Orchestral."
402d2fd4-6099-4d93-a28b-9a52e29d2fec,"This Miku Voice, Vocaloid, Eerie piece is in F# major with a fast-paced pace."
407b18ae-55e0-47d2-bcef-ee6eb9ceac5f,A medium-paced Nursery Rhyme song in E major.
407f03c2-8387-4319-b6e0-048ad843f897,"This Folk Rock, Argentine Rock, Psychedelic Rock piece is in E major with a fast-paced pace."
40afda29-4b5e-475c-a1ff-6d70d659579d,"A medium-paced track in F major. Genre: German Metal, Gothic Symphonic Metal, Metal."
40d0c90a-837d-4146-b26b-a3df5757879f,"This Oriental, Synthwave, Emotional Female Vocal piece is in F# minor with a medium-paced pace."
4124c1cc-a163-49c1-a431-1e5d3687b130,This piece is in F major with a slow pace.
41772567-a4a3-418e-a57c-ae6d29c1c3a9,A fast-paced track in E major. Genre: Alternative Rock Gritty.
41799b2e-bf40-4375-8a64-f70e96a3888e,This piece is in C# major with a medium-paced pace.
41d62d5c-f9d6-4dc2-b474-adb420db64d6,"Set in G major, this fast-paced Downbeat, R&B composition."
41e2a000-d0ca-4758-9097-dd400cc580fe,"A fast-paced track in B major. Genre: Epic Symphonic Rap, High-Energy, Clean Male Vocals."
422db301-4e0a-455f-915c-d72504168c20,"Set in G minor, this fast-paced Breakign Benjamin composition."
4251e94b-bb25-4d14-841e-02bb2b2cc66d,"Set in E major, this fast-paced Militaristic, Rock, Drum composition."
42b2edb8-ddf7-467e-932c-e516c241676e,"A fast-paced Industrial, Uk Drill song in C minor."
42dcba9d-679e-4099-ac6d-5e638b29d169,"A medium-paced track in G major. Genre: Progressive Rock, Ambient, Electronic."
42e2f5fa-147f-4975-b996-bb84f9d93d13,This Epic Melodic Symphonic piece is in C# major with a slow pace.
43322cec-0133-46d5-ad8f-45d2660368fc,This piece is in G major with a fast-paced pace.
4357c1fe-a880-4238-9f98-a1eb193c8400,"A fast-paced Trap, Pop, Energy song in A# major."
43f7acdb-96e8-46f2-9f07-f0fa0878f65d,A fast-paced track in G# minor.
44bad790-ed12-4ac8-8636-a2b93236dcc7,"This Electronic, Synth-Pop, Dark Pop piece is in B major with a fast-paced pace."
454f04e8-57d6-44c3-b2b7-8925ce95c8e1,"This Tango, Latin, Melodic Voice piece is in E major with a medium-paced pace."
46652249-1128-447a-ac09-029688d942e4,"This Pop, Acoustic, Female Vocalist piece is in C major with a medium-paced pace."
467a8b71-4443-4218-a23c-1a74f895b26c,"This Dramatic Ballad, Country, R&B piece is in D minor with a medium-paced pace."
46f2ebe5-235f-4ab6-bb84-758198178ae8,"A fast-paced Dramatic, Karen, Sigh song in E minor."
473b812a-f3d0-4b28-bb17-40b57c13cb1d,This Gangster Rap piece is in E major with a fast-paced pace.
4755952e-44e7-424b-9b58-509b1a0bb967,"This Liquid Drum'N'Bass, Drum And Base, Chillout piece is in F# major with a very fast pace."
47c1ec39-8f97-476f-8fa1-72fb60e69ef8,A fast-paced track in E major. Genre: Instrumental Ambient Electronica.
486397dd-0607-4e06-a9ae-5f709acc633d,A medium-paced track in A# major.
486ad25a-da45-417d-bc36-5f0ebd09c122,"This Nightcore, Ethereal, Pop piece is in D minor with a medium-paced pace."
48b6c104-df32-4be6-a86f-ef8b0d2872e6,This piece is in F major with a fast-paced pace.
48bcd5f0-0926-432a-847c-ecc9fe566f9d,"Set in F# major, this slow Folk Pop composition."
49a477c3-8197-430d-b242-6486bb56ba81,A fast-paced track in D# minor. Genre: Edm Intense Cosmic.
49bc550a-0d0d-41c2-9574-96078a8891a5,A fast-paced track in E major.
49cb2436-5d1c-42c2-a44b-4ea1656c9d7e,"A fast-paced track in D minor. Genre: Folk, Indie Rock, Female Vocals."
4a6bd3d4-daa1-4f5e-933a-7b72449ea233,This Ambient Idm piece is in C major with a fast-paced pace.
4ac55446-0e95-46f3-830b-ebacdab9ce88,"This Pop, Rap, Bhangra piece is in E major with a medium-paced pace."
4b12ec7d-2aab-400b-8fce-61d93dcae28a,This Marche piece is in C major with a medium-paced pace.
4b5d1eef-6011-4843-a9b4-f290da5f0aef,"A fast-paced Hip-Hop, Trap, Confidence song in G# major."
4c11845e-5c8f-416f-bfe9-7f106116bde6,"This Electro, Dance, Rave piece is in D# major with a fast-paced pace."
4cef60a3-ce84-4424-9f73-0733448e5f2d,"A medium-paced track in A major. Genre: Funky, Pop."
4d00fec0-f50b-4ea9-872c-680de77b55bc,"Set in F# major, this medium-paced Doux composition."
4d109490-f24a-44a0-95cb-a7129dda3616,"A fast-paced track in E minor. Genre: Complex Rhythms, Heavy Riffs, Deep Basslines."
4d25d319-56a9-4428-9650-8f2e4f9fa6cf,"This Aesthetic, Hip-Hop piece is in F# major with a slow pace."
4d3731bd-ebcc-42d0-988b-339dfa770cc1,"Set in F# minor, this medium-paced Indian Classical Music, Qawwali, Lofi Music composition."
4d66f899-b751-4c4a-aafb-f5ba305e5130,"Set in G minor, this medium-paced Ritmik Eğlenceli Afroswing composition."
4d9eb610-b4cd-4abb-9c33-4f146dc3f4c5,"A fast-paced Rock, Alternative Rock, Rap song in C# minor."
4da11c71-8177-4682-83ee-04ce50b4a4ee,"A very fast Dystopian, Psychedelic, Trippy song in C# major."
4dbc9bd7-1a17-4c9c-871b-47142d5ac468,"A fast-paced track in C minor. Genre: Vocal House, Chiptune, Ending."
4de760f1-ca91-413c-bf94-3979e291ad84,"A medium-paced Spanish Hip Hop, Hip Hop, Rap song in D# major."
4e094af5-21eb-417f-829c-2d49ed579c7b,This Contemporary R&B Music piece is in F# minor with a very fast pace.
4e40396e-abaa-4bcc-926e-46ae6f3e367f,This piece is in D# major with a slow pace.
4eaa2cfb-1f51-44e8-8c71-b3352ce6938b,"A fast-paced track in F# major. Genre: Diss Track, Hard Rap, Male Voice."
4ed3726a-8b59-495a-8480-becb0260bde0,This Electronic piece is in A major with a fast-paced pace.
4fda2d4f-fac0-4516-8e5d-b1a1cf163d00,This Hip-Hop Lyrical piece is in C minor with a medium-paced pace.
5013609e-a9c9-450f-ad81-04d2bb3846bc,"A medium-paced Melodic Dubstep, Hard Rock, Female Vocals song in B major."
504bc8c6-8599-4aec-b61a-99f1735a0825,"Set in E major, this medium-paced Ballo Liscio, Balera, Musical composition."
5085f8c1-5ebb-4f5d-b077-e1f3bd0f0fdf,A medium-paced track in G# major. Genre: Chill Lo-Fi.
50a78f6e-6aae-49a9-be9c-e68e3ec60569,A medium-paced track in F# minor. Genre: Pop.
50c23451-e092-4784-b520-4ddb43ab59ac,"Set in F major, this fast-paced Explosive Chorus composition."
50d6bcf9-8f2c-408d-b5b2-1d3528293ecb,"A fast-paced track in G# major. Genre: 我不再愛你了， Edm, Folk, Viola."
5177c396-458f-45c8-9249-6de018e5a17c,"A slow track in F# major. Genre: Taiwanese, Pop Punk, Deep Bass."
526c7a33-c83d-41a4-ab78-065fd155b9fa,A very fast track in A major.
52718b8e-42e2-4974-9464-5a5ab186c3e4,"This Eurobeat, Dance piece is in D# minor with a fast-paced pace."
52b22520-3c4a-491d-b099-13389a6d1d8f,This piece is in B minor with a fast-paced pace.
53b2da8e-aedc-4d4f-be10-19d9192ce83f,"A fast-paced Duelling Guitars, Powerful Vocals, English song in A major."
540f86f1-6b3b-4d16-99cf-670ab158e4c2,"A fast-paced Miku Vocaloid, Shrieked Rant, Dissonant song in D major."
54c65562-8468-4642-82a4-96fb0cdaba06,This Atmospheric Ambient Cinematic piece is in A# minor with a very slow pace.
550a324f-0fd5-4e25-8b9f-85891eab447b,A slow House song in G minor.
5513ff93-767a-446f-a85e-9348a01dbce9,"A fast-paced Bedroom Pop, Psychobilly, Driven Male Voice song in F# minor."
5542f860-3eea-4b3e-97a8-857e171a3543,This Country Reflective Gritty piece is in C major with a medium-paced pace.
55678219-e43c-499a-8894-647c796dff2f,This Circus piece is in A# major with a medium-paced pace.
556e4cc1-99fe-46ff-a466-39898088b9aa,This Screaming Hardcore Punk piece is in C# minor with a medium-paced pace.
55b2247d-d502-4c44-953e-797068ed336d,A fast-paced Synth-Driven Pop song in B minor.
55c3ade1-dec1-4816-8f1a-3a23674fa938,A medium-paced Funky Groovy Retro song in B minor.
55e78b34-c64e-4033-876e-90cd408de08a,"Set in G# minor, this fast-paced Skull Drum, Phantom Cello composition."
561b91ed-7fca-4549-8518-ebd2382e05b5,This Memphis Soul Blues piece is in E major with a medium-paced pace.
565510c8-5b7e-412d-a241-002bbcf56ce9,"Set in D# major, this fast-paced Slowcore, Screamo, Worship composition."
569120e0-5a42-4298-b58c-c3533d90a840,A fast-paced track in A major.
5694f017-41fd-49c0-9996-48cca59ec2f2,"This Denpa, Glitchcore, Electro piece is in D# major with a medium-paced pace."
56a709e4-29b9-4797-80da-d55efb511c14,A fast-paced track in A major. Genre: Industrial Raw Electronic.
56c4f6ba-89f5-4a9c-a217-62bf03b6bb9c,"Set in E major, this slow Dance & Electronic composition."
574017a7-9205-4c58-abfb-7ab2a7bdfe6f,"Set in C major, this medium-paced Lullaby, Nursery Rhyme composition."
57b59d98-da78-43a9-8308-080aef10d075,"A fast-paced English, Drum, Melodious song in D minor."
584019ee-d4a7-40f3-9ffc-b2f528d9f2bc,This piece is in G# minor with a medium-paced pace.
585cedce-6f40-4ed4-8f5e-a88b2ed2df5e,A fast-paced track in B major.
58a65a64-c0e9-4c1b-b88f-6fbb4a60de17,This Pop Anthem piece is in D minor with a slow pace.
58baf8a4-eb98-4c52-bb45-264343f84657,"Set in G major, this medium-paced Cinematic, Nu-Metal, Rap Metal composition."
58eea245-6ea9-44b5-90bc-956bc6252980,A medium-paced track in D minor. Genre: Pop.
58f9060a-5a98-4bf2-a0f6-b3bbc572d0e8,"This Havana Grime, Trap K-Pop, K-Pop Female Vox piece is in G major with a fast-paced pace."
590f8c5d-7f7c-4c1a-9835-0b63b49febc9,"This Female Vocals, Indie Rock, Pop Ballad piece is in E major with a slow pace."
5950e615-0bb9-4746-bba4-f1d8b7dfe8d2,A medium-paced track in B minor. Genre: Rhythmic Urban.
59685864-3176-4679-a414-6d463d359c5f,"A medium-paced Experimental, Emotional, Hypnotic song in G# minor."
596efbc6-9c10-4ded-8f24-9abbbf716628,"Set in D minor, this medium-paced Arabesque, Turkish Arabesque, Spanish Guitar composition."
59db3b7a-3dc0-4a58-91fb-351edb792010,"A fast-paced track in C minor. Genre: Dangdut, Kecapi, Seruling."
5a2ff2bc-0658-41d6-ad1a-3ce70e3d8dd4,"Set in D major, this slow Jazzy, Urban, Neo Soul composition."
5a627ca3-2b1f-4736-8e12-82f38e7e29d5,"A medium-paced track in F minor. Genre: Gangsta Rap, Sampled, Scratches."
5ae28a32-0a2b-4f33-b7df-f25da88ce102,"This Cajun, Opera, Sea Port piece is in E minor with a medium-paced pace."
5b0e69b0-e6c3-4902-bb5e-bb579bebe535,"Set in E minor, this medium-paced Horrorcore, Horror, Circus composition."
5b14f334-1066-4974-a32e-0371a07f3ba0,"This Hip Hop, Rap piece is in D minor with a medium-paced pace."
5b15a832-d65c-41f2-a1d5-681ba6b5dc10,"A slow track in E major. Genre: Pop, Female Voice, Emotional."
5b208977-410c-423d-a1a6-11e97569a507,"A fast-paced track in B major. Genre: Eurobeat, Male Voice."
5b808149-3344-4d78-9b98-c55c69213375,"Set in D major, this fast-paced Singer Songwriter, Pop, Male Vocals composition."
5c43e298-07e9-4756-a7d7-1ac137c096a9,This piece is in D minor with a slow pace.
5c4fd8c3-5528-44e6-bd63-6b462e75df76,A medium-paced Upbeat Pop song in E major.
5c77bbea-d0da-45fd-b441-db2e0a36e24d,A fast-paced track in F# major.
5cdf5b2c-2166-487c-b196-bf0a46ce7c9c,A medium-paced track in A major. Genre: Synth-Heavy Synthpop Emotional.
5ce165b0-60c7-4728-848e-0fc7c8b5d764,This Whimsical Psychedelic piece is in E major with a fast-paced pace.
5cebc44c-7b94-439f-a119-6d1f21434e2e,A fast-paced track in B major.
5d5a5ea7-3ad6-4ed3-b8ab-125904b2232b,This piece is in C# minor with a fast-paced pace.
5d851e4a-ea9a-41ff-97fc-e7297c688fbd,A fast-paced Electro song in G major.
5dc3d08b-2239-4c53-9f45-f4793b443ab3,"A medium-paced track in G major. Genre: Alternative Rock, Rap, R&B."
5dda772a-b80c-4e6e-8257-1fbf28c8585e,"A medium-paced track in C# major. Genre: Scream, Metal."
5e478d83-b421-4a87-a391-60d9920f63d0,A fast-paced track in E minor.
5e518306-4dd9-417b-863d-be1bd9ce5fd5,"A slow track in A minor. Genre: Electro Hard Trap, Synth Funk, Boombap Hip Hop."
5e927a50-2484-4ef4-a391-683962d1b634,"A fast-paced Fabloo, Lo-Fi, Vaporwave song in A# major."
5efc5fd5-17f3-4a2a-a0d0-f5d5d5736d93,"A fast-paced Indie, Morrissey, Male Voice song in A# minor."
5f252ddf-9736-4c89-b277-357d3a58cf9c,"This Jass Manouche, Oyojee piece is in A# major with a medium-paced pace."
5f4a5c98-6ca5-452a-b33b-90e36857fe46,"A fast-paced track in G minor. Genre: Trip Hop, Dubstep, Pop."
5fc24d9f-1129-4371-964b-aea8d31f4bde,A fast-paced Edm Chill Mario song in D# major.
5fe46525-b81b-447c-a53c-a825e6f6f96e,A medium-paced track in G minor.
606a4d10-e3d5-4f67-bf69-92f625f5807f,"Set in F# major, this fast-paced New Age, Orchestra, Opera composition."
609c8349-e58d-4adc-bdff-06ed1c993b51,"Set in A# major, this fast-paced Ballroom, Japanese Shoegaze, Girl composition."
60ab12bd-ab50-471d-a065-063cdbfd9d7a,"This Disco, Techno, Blues piece is in G minor with a fast-paced pace."
60e4c7cd-bbfb-417c-93b4-91d3ced93272,"A fast-paced track in E major. Genre: Fast Tempo, Musical Vibe."
60e9fd42-fb86-4140-8569-9f10b2618e18,This piece is in D# major with a medium-paced pace.
60f7cb3f-96db-4f55-b0b6-348ff81540c1,"A fast-paced Studio Master, Shimmering Arpeggios, Bright Synthesizers song in G# major."
611b5fa2-f8c8-4439-a567-4ca24373ebdf,"Set in D# major, this fast-paced Ska Rock composition."
614a5419-9afc-4dac-af88-6ad2502e55f5,"This Rap, Hiphop, Experimental piece is in E minor with a very fast pace."
618669bf-87aa-4e5e-aa64-3d7cf3fe47d2,"Set in F major, this slow Dark Electric Rock composition."
61ba079d-7f04-41c1-a04c-0b3568622757,A medium-paced Pirate Metal song in F major.
6254d8ff-64bd-4df5-9269-5806f8d298bb,"This Yé-Yé, Female Vocals, Layered Vocals piece is in D minor with a slow pace."
6263aac1-2fd5-4e72-8671-b0b6cd234a25,"Set in G# minor, this fast-paced Energy: Spiritual, Uplifting, Memorable Melody composition."
628083d1-90fe-4b28-8fd5-5c9731adf054,A medium-paced track in D minor. Genre: Rapper.
62b21c16-aceb-4b6f-a7ac-c691312537d1,"Set in F# minor, this fast-paced Pop composition."
62c09541-d0e3-436e-a4f3-122d52784efc,"A fast-paced track in C major. Genre: Genres: Illbient, Ethereal, Ancient] [Emotions: Peacefulness."
62cd9409-5539-417d-97fc-baa85f4d27db,A fast-paced Death Metal song in E major.
62e5d65a-91df-4981-b908-58b15d5079f4,"Set in A# minor, this fast-paced Eerie Playful Spooky composition."
631c972c-de09-4c19-ba54-69d0fa4495cd,This piece is in A# major with a slow pace.
6320436e-5819-44d4-99d7-f73bd27e9591,A fast-paced track in G minor.
63251cd1-9470-4ece-974d-e4099600dec8,A medium-paced Jazz Pop song in C major.
635fec10-0828-4279-9b77-15600fc90ffb,A fast-paced track in D# minor.
63b19f43-e693-4780-912c-a420088cfc3e,"Set in F# minor, this medium-paced Grand Rock Anthemic composition."
63dc9f71-af24-46a2-a74e-722df00aa168,"Set in C major, this fast-paced Creepy, Harmonic composition."
6417f82f-70f6-40b0-b959-6e2888ccfcfd,"Set in G major, this medium-paced Halloween Music, Halloween, Scary composition."
641d7367-8595-4f05-a9af-68fd608102a9,"Set in B minor, this medium-paced Rege, Pop, Rock composition."
645c2f28-54ca-42f8-8047-802462016eb6,A fast-paced Experimental Symphonic Rock song in E major.
647680fc-18ee-4ba3-ae62-04402b04a05c,"Set in D# major, this medium-paced Nu-Metal Emotional Aggressive composition."
647937c5-9afa-49db-9ad9-4e9f8867ca4a,This Beat Bass Dark piece is in G major with a fast-paced pace.
64aefc2f-431c-4533-8d7b-ba9188c04e65,This piece is in D minor with a slow pace.
64eb0bea-4f62-48a0-9f15-c4ede3afc74f,This Dark Driving Epic piece is in F major with a fast-paced pace.
650d8710-9e17-44f5-a0d4-2f6bcb2a2a2c,"Set in G# major, this fast-paced Melodic Soulful Pop composition."
65288a4f-128b-45e2-ae3f-e1ae7152a795,A medium-paced Klasszikus Country song in D minor.
6565fccd-8c18-4ee8-9c2a-3bbe4f85331e,A very fast Adorar song in A# minor.
65b68787-e8c3-4a35-aa09-0d6d61960865,"This Hip Hop, India Beat, Percussion Lofi piece is in D minor with a slow pace."
65d537e5-1acb-4b6f-9421-4acb0dba33f8,This piece is in E major with a fast-paced pace.
65d727fe-67c3-4002-abe1-a9994dbf98e1,"A medium-paced Pronounce Milena Right, Rock song in G minor."
662d35f6-6459-4f72-9607-02c774038b7d,"A fast-paced Synth-Pop, Dance Rock song in F minor."
663aeb6c-6c4e-4742-bf63-f2f4d2063a15,This piece is in C# minor with a very fast pace.
66422302-58fa-442c-a416-29e1328d2513,This piece is in A# minor with a very fast pace.
67299061-3170-4064-95aa-4e2d6c1f3c1a,"Set in D major, this medium-paced Anime composition."
67c3f06b-9122-4079-9d35-6b4af74d0a23,"Set in B minor, this fast-paced Female Vocal, Progressive Rock, Orchestral composition."
68ad0685-bcac-4771-b80b-0e790adc14e0,This piece is in D# major with a fast-paced pace.
69080705-6ce4-476a-a3a1-fcc0057ab586,"A fast-paced track in D# major. Genre: Progressive Metal, Alternative Metal, Art Rock."
696e60df-407f-4601-94be-6325813788b8,"Set in G# major, this medium-paced Indie Surf composition."
69a91451-39f5-45f6-8928-6db84c6b571f,A fast-paced track in F# minor.
69d3f393-9c92-47ea-a8af-d789195a5f69,This Funky piece is in A minor with a fast-paced pace.
6a23ae09-1478-4b8b-8a2d-1140dc5a0d16,"A fast-paced Male Voice, Female Voice, Melodic Metalcore song in C# major."
6a77d1b8-d1f1-4d1a-ae21-8072de528239,This piece is in C# minor with a fast-paced pace.
6aa4e678-a790-447a-a508-07452dca4dd7,"Set in F major, this fast-paced Rap composition."
6ae00409-f513-491e-b709-b0658f13530f,This piece is in G# major with a fast-paced pace.
6b17a90a-1bb5-4904-9451-1ab8e80636d7,"Set in G minor, this fast-paced Spooky Electronic Intense composition."
6b1c8829-9d9b-4dfd-beb0-acf91b35c527,A fast-paced track in D minor. Genre: Folk Song.
6b1f04c5-d4e8-401f-80ba-5247f13653ad,A fast-paced track in G minor.
6b29eb03-f9f5-40af-bed4-15a6685a6d1f,This piece is in G major with a fast-paced pace.
6b411ea6-ecd6-4d63-80ec-4f591d86a4e7,This piece is in F# minor with a medium-paced pace.
6b50a804-a935-4465-bdc8-214c88b3b867,This piece is in A# minor with a fast-paced pace.
6b629e03-0fa9-495f-a1c0-b68033f5f078,"This Chillhop, Hip Hop, Pop piece is in F minor with a medium-paced pace."
6b62aafe-dd81-43dd-8248-6ff1ff248e2f,"A medium-paced track in C# major. Genre: Rousing Choral Chorus, It’S A Soulful, Glorious Song."
6b7d8845-b2bc-4126-b1a8-5f64c20f785f,This Alegre Dançante Pop piece is in E major with a medium-paced pace.
6b8ec5f3-a565-40df-b854-40f90b38a9ec,A medium-paced Funk song in G# major.
6b91381d-5bc3-4f38-b464-d6d4dcb5fe65,"This Cafe, Jazz, Relax piece is in D minor with a fast-paced pace."
6c06d687-68ac-4aeb-9b40-f5646cb38c1f,This Rap piece is in A# major with a very fast pace.
6c0933d2-edaf-4fcf-abe9-3e712ae69dfe,"A slow track in G minor. Genre: Trashpop, Female Lead, Slow Witch-House Ballad."
6c17bab0-02bf-4e51-a582-5a3bf86a60d1,"This Trap, Reggaeton, Pop piece is in C# major with a fast-paced pace."
6c1e5d01-9762-4f54-9f6f-7d5cecfc3ea2,A fast-paced track in B minor.
6c69016f-6e5a-4f64-9ad2-a9a5f4f3b777,This Gospel Worships piece is in C major with a medium-paced pace.
6cac085c-4c4a-4d45-a945-ededbf6625cc,This Blues Rock piece is in C major with a fast-paced pace.
6d2894a5-6025-43d4-a815-faedd3cff905,"This German Power Metal, Heavy Metal, Symphonic Metal piece is in A# minor with a slow pace."
6d56532d-a167-42f2-8cf0-e6ae545e71ca,A medium-paced track in D# minor.
6d6533ff-f003-491e-b30c-e6f729a13dea,This Rock Comical Electric piece is in C minor with a fast-paced pace.
6db59e0e-8c15-4303-a89c-84ae3376c0fa,"A medium-paced track in G minor. Genre: Pop, J-Pop, Idol."
6e0831a6-860f-4511-a83d-b3d6ee3a2079,"Set in F minor, this very fast Hardcore Violin, Glitch, Chiptune Melodies composition."
6e3ba7df-4d99-47a5-b4b1-fd3659013102,"A fast-paced Eighties, Female Vocals song in D# major."
6e4620a7-5d51-4374-b03a-749b162eacf6,This piece is in C# major with a fast-paced pace.
6e7d41c2-9dd5-4773-8051-d1f1153e751c,A medium-paced track in E major.
6eab43be-5854-4486-9fdf-c8f4925b8d94,"A medium-paced track in E major. Genre: Eurodance, Synthetizer."
6f0d242d-8b0b-4549-8155-8cc4fd061ca1,"Set in G# major, this medium-paced Trap, Hardtekk, Glitch composition."
6f2b6616-f222-4f2a-b9be-d89eea69e720,"A medium-paced track in F# minor. Genre: New-Age Music, Female Voice."
6f589f89-ed55-4dd5-a574-62fddfa52689,This piece is in G major with a fast-paced pace.
6fd03854-7ce4-44f7-8655-0383fd9fcbd7,"This Classic Rap, Opera piece is in E major with a fast-paced pace."
6fe51ca2-168f-44e5-8369-077d630a3629,"Set in E major, this fast-paced New Age, Orchestra, Folk composition."
6ffae7ba-4a8c-403f-961f-ef2eb67c2fca,"A fast-paced track in E major. Genre: Medieval, Celtic, Bard."
703d08f2-2a36-444d-a470-1c0c01253f3d,"This Pop, Electro, Electronic piece is in C minor with a fast-paced pace."
7076d938-af24-46c7-ae82-6179f1e29332,"Set in F# minor, this very fast Reggae Dub Influenced, Ambient, Indian Percussion composition."
708399ad-bc59-4c2b-889e-ae6a0836ac7a,"A fast-paced Cinematic, Ascending, Qanun song in D# minor."
70958de3-ecf6-47d3-8aa4-85f622ba62a6,"Set in G minor, this fast-paced Techno Trance composition."
70990058-c7c9-4af2-9ab7-bd74cb3d183e,"Set in D major, this medium-paced Folk, Americana, Gospel composition."
70a16fb2-36d0-482b-aa93-311389f37bf2,"A medium-paced track in F major. Genre: Catchy, Female Singer, Feisty."
70b6728a-afd4-490c-b9c6-e89de8c068e9,"Set in F# major, this fast-paced Lyrical Rap, Acoustic, Soul composition."
70bc4399-901a-48e2-9f04-ed8360236bd4,"Set in E major, this slow Phonk composition."
70c3071c-f06b-448b-9d8f-52306b1fcee8,A very fast Power Rock song in F# minor.
70e78e50-d077-4095-a5ae-a48e6171a10d,This piece is in D minor with a fast-paced pace.
70f3d8fa-37e0-4b5f-804e-b34a82caedf5,A fast-paced Spooky Country song in D minor.
713183ad-7934-4e3d-85f8-263d787bec31,"This Alternative Hip Hop, Funk piece is in E major with a very fast pace."
72031b26-f9db-4d2b-9baa-3fdae084d54a,"A fast-paced Brain Rot, Horrible Music, Out Of Tune song in G major."
7287e26a-9b61-4f6a-bae8-3c456349d135,"A fast-paced track in F# minor. Genre: Pop, Electronica, Female Vocalist."
72d8decc-dede-4674-ad26-47c313e22528,"This Female Robotic Voice, Distorded, Industrial piece is in F major with a fast-paced pace."
73171f05-37c5-45b4-8738-026ee1588bf0,"This Deep Bass, Hard Drops, Crisp Clear Audio piece is in C# major with a fast-paced pace."
7360422d-91bb-4cf2-b276-ae17ee77ef03,A fast-paced Electronic Funky song in B minor.
73824829-c41a-452c-aa19-05ad88e6e98b,A slow Acoustic Country Melodic song in C minor.
73b3a738-6f71-48b8-9227-e664da9b7d81,"Set in C# major, this fast-paced Psychedelic Soul, Stoner Metal, Female Vocalist composition."
742c9f39-ad26-4ed9-9597-b6663de2cc80,A medium-paced Afroswing song in G# major.
74a05d48-f427-4922-91f8-fcb746366e17,This piece is in F# major with a fast-paced pace.
74a57ac1-a447-4101-bb9a-3f20051fec6c,"Set in G major, this medium-paced Kawaii, Kawaii Death Metal, Heavy Metal composition."
74b21be7-8688-4080-b828-54d721e103c4,A medium-paced track in G minor. Genre: Reggae Laid-Back Smooth.
74db8b86-b47e-4e3b-8e73-fd1ecd71adc6,"A fast-paced Deep Growls, Female Chorus, Male Vocal song in C# major."
7535954c-b2d2-40b9-9a8a-65f504f184a6,"This Walhala Blues, Eden Funk, Paradise Flute piece is in F major with a fast-paced pace."
75f2a383-f39a-446a-8cdc-008a838bb0c3,This piece is in B major with a medium-paced pace.
762c4129-2e6e-44e4-9c74-d55b29e3d94d,This Tradicional Acústico Chacarera piece is in G# major with a medium-paced pace.
764b38be-9271-4166-a69c-c0b1bc7102b3,"Set in E major, this fast-paced Cartoon, Funny, Pirate composition."
76bbbcb8-0af0-45f7-81ea-64c6d82d9de3,A fast-paced track in D major.
76db742e-62e7-4460-ac83-19d73ba09094,"Set in G major, this very fast Hip Hop composition."
77224b9c-4c71-4b6f-bbba-db7ae2456223,A slow track in A# major. Genre: Rap Pop.
77b7bedf-42b7-447b-a17c-3d4322046d7a,"A slow track in E minor. Genre: Reggae, Solo Trumpet."
77fcf943-8e26-41bd-ab80-74517fdc750b,A fast-paced track in B minor. Genre: Rhythmic Pop.
782a9b55-d3ec-46d3-b623-b701dcc14366,"A medium-paced track in D major. Genre: Melodic Edm, Progressive House, Darkwave Synthwave."
786c676e-56ea-49d6-92af-3e9c393785e0,"A medium-paced track in C major. Genre: Pop, Sentimental, Lush."
78e7a9b3-aeba-4cb9-826e-11dc55ed488a,A medium-paced track in C# major.
78f86ee2-b60a-42a3-9779-b13961545c13,"A fast-paced Edm, House song in A# minor."
794ba293-8a71-406f-a837-5f93160503ee,"Set in E major, this slow Https, Suno.Com, Style composition."
79883217-2b5a-4ad4-9d6b-79c31024a4bc,This Emocional Pop Punk piece is in E minor with a fast-paced pace.
79aa23bb-944c-45b3-b7fb-c47b4274c1d1,"Set in C major, this very slow Vibrant High-Energy Electronic composition."
79eb70f1-b2fd-4431-a3e3-5691bfed61ae,"A medium-paced track in G minor. Genre: Female Vocals, Playful, Sassy."
7a36876f-3385-427d-b1ad-6917f3adeb7b,"A fast-paced Slap House, K-Pop song in A major."
7a779bc4-fc71-4e57-a94a-93d70cd46875,"A fast-paced Irish Rock, Orchestral, Pop song in C major."
7a923700-6149-4ed3-9957-390586a8b8b4,"This Opera Singing, Symphonic Metal, Doom Metal piece is in F# major with a medium-paced pace."
7b0b6192-fd0e-4e20-8fe4-2af2bdb45d96,This piece is in F# minor with a fast-paced pace.
7b0e65c9-cfcf-4a2e-866f-6ae6125a40e7,"This Electronicore, Abstract, Hip Hop piece is in G major with a fast-paced pace."
7b21a990-0fee-467a-9fb5-014b0779ba60,"Set in G major, this slow Emo Male Vocals, Emo Rap, Interlude composition."
7b8d1f00-717f-413a-9e22-076078258e41,"Set in D minor, this fast-paced Symphonic, Neoclassical Orchestral, Opera composition."
7ba03c40-89bf-49e2-966d-55fb7d38ebd9,This piece is in E major with a medium-paced pace.
7bf81fc5-420d-41df-9119-ff428a2bf6a4,This Hard Trance piece is in C# minor with a fast-paced pace.
7c255bb6-bf16-4a03-b04e-f20432ddcb0a,A fast-paced track in F# minor. Genre: Trap Moody Electronic.
7c864bc8-bb0c-4cb2-9e68-6473e50600f1,"A slow track in G# major. Genre: Deep Male Vocals, Acoustic Guitar, Steel Guitar."
7c90cbfd-96f9-4663-9486-6d98691d1c4c,This piece is in D minor with a fast-paced pace.
7cdc1c57-e140-4488-949d-4fa58f77ee1c,"This Groovy, Japanese, Funk piece is in C major with a fast-paced pace."
7d48f076-e02d-4977-a208-3b6876c37416,"Set in F major, this medium-paced Rap composition."
7db1f220-4300-44d5-abca-467dc2105d85,"Set in E major, this medium-paced Fun Pop composition."
7dd3c24f-7153-40d7-adb4-c5a9ee110b3e,"Set in G# minor, this fast-paced Ambient, Experimental, Downtempo composition."
7df20c98-3deb-4381-ac2e-dcabc17ee4d5,"Set in C major, this slow Ambient Atmospheric Cinematic composition."
7e3eedc9-388e-418e-be7e-6b774ee03d20,A very fast track in D minor.
7e5c4348-ba11-4a8b-9984-97deabe23140,"A fast-paced Epic Drum Solo, March, Sailor Choir song in A# major."
7effe6ea-f76b-4f5c-a747-fdf1017927a2,"This Hip-Hop, R&B Fusion piece is in E major with a medium-paced pace."
7f08888d-ef80-48f8-a6e9-2335dfaa4cd9,"This Rock, Fork Rock, Celtic Folk Music piece is in D# minor with a fast-paced pace."
7f21b33a-18bf-4de9-b60a-da97babe9a53,A medium-paced track in G# major.
7f41a999-fe04-4efb-9bf5-6c9096c4bb7e,A fast-paced track in A# major. Genre: Empowering Pop.
7f675728-e89f-4a71-9b8f-0d240256d09f,This Intense Electronic Pulsating piece is in G# major with a medium-paced pace.
7f7bb1e0-1249-41a8-a914-fb4a86b87d7e,"Set in D# major, this medium-paced Electronic, Experimental, Rock composition."
7fc32d98-1ee8-444e-8fc3-7d28a0b13129,"A fast-paced Hard Bass, Trance, House song in E minor."
7fcc4cc1-bde1-43ad-bb39-cd568e74db26,"A medium-paced Rap, Hard Rock, Grunge song in D# major."
800b42cb-7f0d-4f09-81fc-68f8e2cd56bd,"Set in A# minor, this medium-paced Future Tropical, Violin Upbeat Ensemble composition."
801f5f6e-3cf2-4e98-a6ba-a143eefa4d0d,"This Deep House, Female Voice piece is in A minor with a fast-paced pace."
807a13d5-601a-40d8-a9c1-2098d4a1aef4,"Set in E major, this medium-paced Dark Orchestration, Metalcore, Industrial Techno composition."
817e59a1-c985-4141-9bad-29cd9266a55a,A fast-paced Postnuclear Winter Jazz song in B minor.
820784cc-db4f-41c9-a8df-340d94843ffa,"A medium-paced track in B minor. Genre: Pop, Vocaloid."
828cfae4-b709-4c49-af3d-3a9140bc0325,This piece is in E major with a very fast pace.
8292c83f-4597-454b-b114-fd2134ebdd2b,"This Scandinavian Folk, Traditional Norse, Shamanic piece is in E major with a fast-paced pace."
8294a968-089c-4ba7-9c0d-805934477adb,A medium-paced track in F# minor. Genre: Country Acoustic.
82f7b21b-189e-4575-9e46-3f35420ef6e6,"A fast-paced Female Solo, Banger Atmospheric Trap song in F major."
835622bb-cf9c-4c20-ab91-7e4556255704,A fast-paced Ska song in F# minor.
83630919-f07c-43b1-980a-30945bdfebf4,"A fast-paced Hyper-Pop Hip-Hop, Chill Dubstep, Dancehall song in D major."
83a8d303-cc39-4e4f-86ee-334aa59029f7,"A fast-paced Hardcore, Speedcore, Hard-Techno song in B major."
841e87dc-c4a7-459b-a6e4-a77533542bed,"A slow Rap, Hip Hop, Trip Hop song in E minor."
846392b5-5b23-42e3-8e71-caecf3d721e6,A medium-paced Pop Engaging song in E major.
849bf455-7575-4152-95bc-251de27e8317,"Set in E major, this fast-paced Pop Poetisk Melodisk composition."
84f92058-0718-4c1e-80ba-dbade7b893a4,"A slow Breakcore, Unusual, Loud song in B major."
85a640a3-fb60-4255-8f14-716296b54f99,"This Heavy Metal, Hard Rock piece is in D# major with a medium-paced pace."
85ce8d5a-160d-4ee4-acf3-15c3b1a63ba8,"A medium-paced track in B major. Genre: Epic To Dance, Trap And Hardstyle, Dj Scratching."
85e8186d-0178-47d4-93dd-0ecf04982709,This piece is in A# major with a fast-paced pace.
860f0e97-40cb-4c9a-b3a8-39c1380f84ba,A medium-paced Pop Rock song in E major.
8618323c-ee39-43ee-91d5-15a4dd84a0f3,A medium-paced track in B major. Genre: Dark Rock Intense.
8633c842-365a-42ef-b810-320fdc8c8309,"This Video Game Music, Soundtrack, Orchestra piece is in E major with a medium-paced pace."
86a80f21-d120-4fd8-9e1a-80a073af5969,"A medium-paced Warm Vibe, Blend Genres, Calm Contemporary Jazz song in A# minor."
8720c958-a079-4b84-a125-33c19ffe9264,This Power Metal piece is in F major with a medium-paced pace.
873c9a2f-3995-4b45-ba09-9227245de058,"This Chiptune, Elec Guitar, Final Boss Theme piece is in D minor with a fast-paced pace."
87eb9183-a518-4e57-953d-0650efb9b5fe,"Set in G major, this fast-paced Mellow Rage, Country Rock, Metal Choir composition."
883428ef-08b4-4be1-955d-857a4f5cb0ca,A medium-paced Rhythm-Driven Pop song in C major.
88500417-f336-4469-bc81-f63f0b294168,"A slow Pop Ballad, Pop Rock, Emotional Song song in A# minor."
887225e0-ac9a-4b2e-bf4a-c030213ba9b8,"This Sweet, Love Triangle, Solo Song piece is in F# minor with a medium-paced pace."
88870ad2-a005-4166-8212-5528a2f705c0,A fast-paced track in G# major.
88e71583-9a2e-4001-a1af-9f8442d8a988,"A medium-paced track in F minor. Genre: Progressive Power Metal, Techno, Electro."
89229040-3bea-4a25-aebc-0d245fa9f471,"Set in D minor, this medium-paced Pop Emotional composition."
89a6c84f-cd3f-4757-b25a-bfcc10d108cc,"A fast-paced Nu Metal, Metalcore, Melodic Death song in G# major."
8a0160b7-9bba-455c-a8aa-42285d7d2dba,A fast-paced track in E major.
8a0b1b6d-b4ec-4e0c-9f76-31036b673464,"Set in C minor, this slow Dissonant Singer.Shambolic Saxophonist, Experimental Guitar, Theorist composition."
8a1373e9-bdfc-4c64-8e45-b22235e5239c,A very fast track in D minor.
8a397d29-4a5c-4c56-b18b-68ae7b945897,"Set in B minor, this fast-paced Dance Loop Hiphop composition."
8a6a5b52-63a1-49b4-88b1-60cd071b29c5,This piece is in A major with a very fast pace.
8b23bd63-8717-462b-8859-7782544efb38,"This Old Hymn, Soul, Choirs piece is in D minor with a very fast pace."
8b7f638d-7009-444d-857c-3fe99da19ce1,"This Male Voice, Rap, Female Chorus piece is in B minor with a very fast pace."
8b937bd3-7ecc-4e5d-ae53-607003f448b7,"A fast-paced Relentless Nu Metal, Heavy Riffs, And Percussion Metal song in F major."
8c4915f3-7c6a-479d-b064-9eed73596e8f,"A fast-paced Shimmering Synths, Lively Drums, Upbeat Guitar Licks song in B minor."
8ce76d83-e4d7-4077-8ba8-b946d979ef18,"Set in A major, this medium-paced Downbeat, Classic Rock, Accordeon composition."
8d300ee1-dbc0-46ec-ad8a-c9ff381a4f5e,"Set in E minor, this fast-paced R&B, Soul, Roots Reggae composition."
8d9a5941-6d4d-429e-8a01-19a1a656ac72,A medium-paced Pop Rock Playful song in A# minor.
8ddb30f7-aa79-4a8b-8b85-a6b09f0e0b5e,This piece is in G minor with a slow pace.
8dfe5a0b-90ab-4037-9470-ff856abb6cc5,"Set in D# major, this fast-paced Funky, Russian, Groove composition."
8e800de9-100f-429a-84da-a1f1b7023aef,This piece is in E major with a fast-paced pace.
8ec344cd-86e7-474f-9496-05bdb3926adf,"This Celtic, Irish, Mythical piece is in A# major with a very fast pace."
8ec90532-4e7a-47b4-bffc-fd434e427504,"A slow Emotional, Hardcore, Christian song in F minor."
8f93368b-99f2-4d1c-85b8-79f8d68f5a32,A medium-paced track in G# minor.
8fd882c0-f449-4d67-a93f-cd332c337314,A medium-paced track in E major.
900b0505-5d38-4df2-8a81-070ccb3e8f4f,A very fast track in A# major.
903a1e8e-ee15-4b43-9188-e978b8cb64d5,"This Anthemic Rock Song, Soaring Vocals, Piano-Driven Melody piece is in E major with a fast-paced pace."
912ba083-04d6-4748-92ae-c356631ee0e2,"Set in G minor, this fast-paced Cold Wave, Electronic, Electro composition."
91a7af1a-3fab-47e9-a32e-84bde966f83d,A fast-paced German Hwvoice song in F major.
926586a9-01c2-40ce-a754-533d47cc0e8b,A fast-paced track in D minor.
92b48ccb-cdfb-45be-90ef-1972c4eb2b05,This Country Melodic Acoustic piece is in G# major with a medium-paced pace.
92c5f4ce-560d-4b3b-bbbb-f01584d5cc79,"This Slow Ballad, Crescendo Dynamic, Kawaii Anime piece is in A# major with a fast-paced pace."
92dd0cf1-d272-437e-a925-f2f192f24f8d,"A medium-paced Dubstep, Brostep, Glitch song in A minor."
92f023df-e447-4dec-b7e1-ddc5777f6c99,"Set in B minor, this slow Voces Claras, Samba, Rumba composition."
9346ed51-43ef-491c-87a8-da3890487613,A very slow track in F# major. Genre: Jazz.
93c68c29-1bc3-4453-bcef-ad589240cdb6,A fast-paced Rap Eerie Bass-Heavy song in G# major.
93f91610-6602-4191-af48-7dce776c7707,"A very fast track in B minor. Genre: Soulful Female Vocals, P-Funk, Funk."
940aaf0a-4c26-462b-9e80-926ba89b3e64,A fast-paced track in F# minor. Genre: Electronic.
95bab824-3b1c-4c3d-bd7b-b79172574465,"Set in G# minor, this fast-paced Female Singer composition."
95c749ff-51d5-4817-b786-f52407ce46ab,"This Major Key, Cool piece is in C major with a fast-paced pace."
95dc5b93-010b-4a16-9e93-d8762d0b2ea4,This piece is in C minor with a fast-paced pace.
95fa5d1b-bc5d-4945-b757-1cfc74643f2c,"Set in B minor, this fast-paced Rock Electric Energetic composition."
9642086a-d825-4f5f-94b6-60e0ee5ca8fa,"Set in G# major, this medium-paced Saz Only, Baglama Solo composition."
96696af7-c518-430c-9e11-10ea869d1938,A very slow track in C major.
978ab667-93b9-4a14-a5cb-4155bd9d9447,"A very fast Female Singer, Male Singer, Drum song in D minor."
97c1f868-5b7a-495d-8ceb-bf1a179c4f16,"This Deep Flow, Electronica, Contemporary Country piece is in E minor with a medium-paced pace."
9856d5d2-84d8-4aa5-937a-fd02befacd93,"This Tokyo Night Pop, Jersey Club, Pipe piece is in F# major with a medium-paced pace."
998fd422-b876-4ad0-bdb0-e503cc28c22a,This piece is in D# major with a fast-paced pace.
99c39941-543b-4189-9557-2ae09003baba,A medium-paced Pop Funky song in A major.
99c55e35-ae14-499c-a389-5ccc90234036,"Set in F major, this fast-paced Brutal Melódico Metal composition."
99d4e813-fd8e-4eb4-92a3-c41c4dddebfb,"A medium-paced Hip Hop, Rap song in D# major."
99d7683e-78ae-42ea-8d0f-be60d8d82c5c,"A very fast Male Voice, Alternative Rock, Classic Rock song in G major."
99d9b30f-e8fc-43c9-bf8a-711cf994c92f,This piece is in F# major with a fast-paced pace.
99f829e5-6571-4b2c-bdf4-ef92bab52bab,"A medium-paced Bollywood, Indian Classical, Inspirational song in C major."
9a2a2b44-7a06-47c7-bf88-aa132bd15a34,A slow track in A# minor. Genre: Folk.
9a3efcc3-5ddf-4ea9-8352-ece03db95f59,"A medium-paced Epic Rock, Mythological, Dark Electropop song in D# major."
9a5aec81-1aa4-4599-81a5-06ed73998a87,"A fast-paced track in F# major. Genre: Plugg, Trap."
9a5b93fb-2021-4a25-8ea4-8dc753e8d521,"A slow Intense Piano Lead, Storytelling Rap, Rapid Delivery song in F# major."
9adc133f-2098-44bb-8aa2-29626914c71a,"A fast-paced Merseybeat, Psychedelic, Rap song in A# major."
9b406043-368d-4e63-ae4b-a9d706f2ac66,A very fast track in F# minor. Genre: Blues Gritty Soulful.
9b79f9c5-c43d-4c58-90a4-61fa6696f150,A medium-paced Fusion song in E minor.
9bb2ff1e-cb55-494c-9cef-5d8fb05cf3bf,"Set in A# major, this medium-paced R&B, Voce Femminile, Emozionale composition."
9bda4516-3cd4-4e07-9465-62bacd40b722,This piece is in G# minor with a medium-paced pace.
9c303133-8f50-45ed-bf15-c9af9db0c2a8,A very fast track in G minor.
9c6035f9-970c-453d-a8bd-cb3ce2e2f519,A fast-paced track in A# major. Genre: Accordion Drill.
9dd67553-3c52-424c-b247-b396c3d30950,This piece is in E major with a fast-paced pace.
9e0fd25f-31cd-43a7-9946-06d1b0d84039,This Hard Rock piece is in G major with a medium-paced pace.
9e42cd0b-6ab5-41de-bc91-c260820cc566,"A medium-paced Heavy Metal, Nu Metal song in B minor."
9e701bda-2552-4a3b-8ab8-73803f47628a,A very fast track in D minor.
9fdec2e3-241f-4d1d-ac5e-b697dbd93cdb,"This Cinematic Sadness, Circuit, Freak Show piece is in A minor with a fast-paced pace."
a07f6d99-86fc-453a-a94a-aacd3743c7d1,A medium-paced Mariya Takeuchi song in D minor.
a08e2111-4c89-40a4-a401-10cd3305233e,A medium-paced track in B minor.
a0f32aef-038f-4b7f-be03-8d7d334b8396,A fast-paced track in A major. Genre: Rap.
a1bbeac7-a2dd-49b1-9f78-3a26f5b1a4b3,"This Sad Electro Soul, Chunky Guitar Riffs, Hypnotic Atmosphere piece is in C# minor with a medium-paced pace."
a1f021a5-be96-4edf-844e-827309bde367,This piece is in G# major with a very fast pace.
a21f652c-7964-4201-9882-c1f5a3e4fdb5,This piece is in G# major with a fast-paced pace.
a23b5616-03e5-4fed-9818-0b1c60360675,This piece is in E major with a fast-paced pace.
a23f5675-0ffa-4ae7-93df-ae190ff82c7f,"This Medieval Viking Rock, Medieval Folk piece is in A major with a slow pace."
a28a04c5-664a-450b-99c4-e211ac256bc7,A medium-paced track in G minor.
a2a3abe7-32bf-41f1-a1d5-099594af442f,"A fast-paced track in A# minor. Genre: Country, Western Guitar, Eurodance."
a2c8a6f5-3350-4507-8349-88b2da0f2b11,This piece is in E major with a medium-paced pace.
a2d3bef9-e422-4c07-8578-fac3c9b164f6,"A fast-paced Hardcore, Metal, Symphonic song in G minor."
a353ab25-e5aa-4a06-8801-207c8e780b94,A medium-paced track in A major.
a35dfc0f-b237-4168-a941-622456d3222b,This piece is in B minor with a slow pace.
a368d698-b242-4a69-8855-f277bd419299,"A medium-paced track in B minor. Genre: Post-Hardcore, Minimal Glitchore Elements."
a3e0afb9-7c48-44f5-a189-668a02659801,This piece is in F# minor with a fast-paced pace.
a40863b9-9e13-497e-9bbf-d4184c017b5c,"Set in C minor, this medium-paced Mystical Electronics, Dark Jazz, Dark Cabaret composition."
a41567aa-e37f-4fc0-9d45-5095ebef6c7c,A very fast Ballad Sad Melancholic song in C major.
a41e1932-28bb-4ee6-bdef-f3c6a8c3878c,A fast-paced track in B minor. Genre: Beat And Bass.
a4d4c05a-0bcb-4f48-88d4-f748870a3084,A medium-paced track in A major. Genre: Hip Hop.
a4f43a9d-65eb-4ce7-b36f-95005ea8811d,"Set in G# major, this medium-paced Retro Rock, Americana, Psychedelic Rock composition."
a4f7d934-bdf7-4c88-ab9c-c9e19e653d0b,"Set in G minor, this slow Jazz, Blues, Indie Pop composition."
a4fa039f-93a0-481a-9bcb-ef5f81631ecf,A medium-paced Dramatic Soundtrack song in G# major.
a53d1e5d-0bc3-486d-b979-c1c794bc199c,"This Alternative Rock, Punk piece is in G# major with a medium-paced pace."
a5783214-c201-4d3a-b3d1-f6004a87ec7e,"Set in A minor, this very fast Death Metal, Finnish Rap composition."
a5a0f116-14e0-4e2a-bb40-786897a9f3ef,"A fast-paced track in C# major. Genre: Rhythm House, Music Harmony, Microtonal."
a5bfad5b-7288-4509-8e54-d078c6364faf,"Set in B minor, this fast-paced Trap Energético Agressivo composition."
a5c512ca-8e12-46cb-845f-087a639a4b52,"This Power Metal, Post-Grunge, Blackgaze piece is in F minor with a medium-paced pace."
a5d27534-57c2-4125-ba62-2340468ba2b6,A fast-paced Intense High-Energy Electronic song in G minor.
a6da24cf-78e3-4f01-afc1-a700976fe4a7,"A fast-paced Dramatic, Orchestral, Cinematic song in A# major."
a7149a2e-b226-442e-b89a-12fd195fa9fe,"A slow Halloween, Symphonic Black Metal, Catchy song in F major."
a71c148f-2642-4e4f-bfda-8908383fb56c,"Set in A# minor, this slow R&B composition."
a75da94c-742d-43aa-8014-cb48dcf6f0bf,"A slow Emo Rap, Bass Saxophone, Trombone song in C# major."
a7c44fcb-e50d-450f-8cc4-6375f64d5c4a,"Set in E major, this medium-paced Doo-Wop, Wall Of Sound, Vintage composition."
a843219b-5f0b-4a6e-92ed-4732eac5eb90,A medium-paced track in A# minor.
a86dc8c4-1a14-43c3-a0f7-2496c1255592,"Set in D minor, this fast-paced New Age, Samba-Rock, Swing composition."
a8a9d269-d490-4888-b674-668789cffe34,A fast-paced Lofi Beat song in G minor.
a8c74500-a80b-4fe8-b3f4-5f26e84fe6fd,A medium-paced track in E major. Genre: Humorous Pop.
a8f2635d-5024-4f4e-8c89-9e95d1463bf7,"This Mambo, Latin Jazz, Corridos Tumbados piece is in E major with a fast-paced pace."
aa1a5a3a-4b8f-4525-9c21-2d1a725da285,A medium-paced track in G# major.
aa33d125-23ec-4b1d-95f9-2aef4949fb58,A very fast track in F# major. Genre: Chiptune Electronic Midi.
aa59d69d-89f4-497a-9181-f2e249fbc019,"Set in G# minor, this slow Tribute composition."
aa950810-6180-4b06-a225-f237fd96de26,"A fast-paced Uplifting, Minimal Wave, Storm song in A major."
aa9d493b-ff5a-47c8-a27d-4dc54fcbf70b,"Set in F# minor, this fast-paced Hardrock, Black Sabath Style, Slow Tempo composition."
aab8c876-ee10-444d-9ec7-9486fc5de701,"This D Major, Soft Rock, Orchestral piece is in C major with a medium-paced pace."
ab2bf9ce-9927-40ef-b3bc-d946f88a31a5,"A fast-paced track in D# minor. Genre: House, Deep."
ab4b31c3-71d8-4ad7-80d2-0d0e1080a8be,"A medium-paced track in B major. Genre: Vietnamese Drum And, Electric Bass."
ab4f4497-9d2d-4dc4-b684-b1a4e2382ff5,"A medium-paced Pop, Chill Beats, Dance song in G# major."
ab66b0d9-b318-4e28-a5da-201d50a0c57f,"A slow track in G major. Genre: Ny Drill, Drill."
ab918a64-07a7-4d58-b6de-371ac73df6d8,"A fast-paced Tango, Classical, Piano Solo song in D minor."
abba05b2-4946-40c9-91e4-12c525466170,"A very fast track in G major. Genre: Vocaloid, Deep Dark, Multiple Female Singers."
abc55db7-7298-4c9c-9ac5-491117e061fb,"Set in D# major, this medium-paced Sadness Rock Anthem composition."
abed4241-119f-4cf1-bd20-190933c5371d,"Set in A# minor, this medium-paced Jangle Pop composition."
abedac0f-c291-458d-9ee6-8b8c0e919ec3,A medium-paced track in E minor. Genre: Pop.
ac92f597-339e-46d4-b352-f2810bab140b,This Joyeux Entraînant Folk piece is in E major with a fast-paced pace.
ac94a4d3-595c-4607-879e-f315098223a1,This Psychedelic Ambient Ethereal piece is in A# major with a slow pace.
acbcb87d-97d4-4828-982d-33bf5f56b6ff,"Set in D minor, this medium-paced Introspective, Haunting Soundscapes, Smooth Male Vocals composition."
ad3bd09d-5388-429c-b7ad-e9f7b2ecfe60,This R&B piece is in B major with a medium-paced pace.
ad9593f5-abb3-4a99-b502-818254b84724,This piece is in E minor with a medium-paced pace.
add87ef4-08dc-4361-9019-e955ac9d8e1e,This piece is in G# major with a slow pace.
addffdde-177c-4299-ae66-38158ae9d4a2,"A medium-paced Trap, Rap Conscient, Influences De G-Funk song in G# major."
adf271f0-8130-44de-9574-a2b98912fe8f,"A very fast track in E major. Genre: Taiwan Musicals, Instrumental."
ae0a731c-5fbe-402a-9952-7629b233c7f1,"A fast-paced track in A major. Genre: Hard Rock, Christian Rock."
ae722bee-b42b-4432-93fa-622a95388c58,This Jazz Edgy Rock piece is in F# minor with a slow pace.
ae7ddbc7-912f-4ccd-9676-99f88de4f16b,A medium-paced track in B minor.
aef34075-0592-4cd3-9224-a3c395c69a85,"Set in G# minor, this very fast Instrumental-A Slow, Sax Tenor   Melodies composition."
af0c3464-f61f-4ad2-9979-c46e7195da25,"A medium-paced track in A major. Genre: Disco, Techno, Blues."
af5623c9-6da4-4a62-a4da-c42e966a2206,"This Indie Pop, Male Voice, Chillwave piece is in F# minor with a medium-paced pace."
afef18af-8e87-40e1-8ceb-a853161aa2c7,"A medium-paced track in D# minor. Genre: Lounge, Chill Lounge, Jazz."
b057eb05-b35d-4b82-9651-a807b917d91d,"This Kayōkyoku, Japanese, Radio Sound piece is in C major with a medium-paced pace."
b06a9bec-afe9-4cf7-80df-d0c5c4d9a89c,A medium-paced track in B minor. Genre: Hip-Hop Smooth Electronic.
b0b5cfec-2f86-44d2-a507-11ced527a834,This piece is in E major with a slow pace.
b0bebc26-16e9-48c4-aabf-f3ade3e519c9,A medium-paced track in F major.
b0dbaa9f-7714-4277-b191-ea1ccb1bad90,"A medium-paced Rap, Hip Hop, Gansta Rap song in B minor."
b0df78c3-4fc9-4e32-a941-973651ffb0f6,A medium-paced track in E major. Genre: J-Pop.
b0f1180d-41fb-420d-9067-b3f2b3255425,"This Fast-Pace, Synthwave, Rare piece is in D# major with a fast-paced pace."
b1174186-3756-424e-9cdc-611a32bed394,"This Classical, Swamp, Primitivism piece is in E major with a fast-paced pace."
b1986d2d-c62c-4874-a364-287a6e21f15c,"A fast-paced track in D# major. Genre: House, Dubstep."
b1be1298-5ea2-4bc6-904f-a525e6c05158,This Eurodance piece is in F major with a fast-paced pace.
b1c07f7c-a338-49f0-8755-0a0476198626,"Set in F# minor, this medium-paced Lofi-Shatta composition."
b1c7f305-cf2f-4ab1-a108-7164632c3e13,A fast-paced track in D minor.
b23710d4-ee7f-4780-b2f3-a1ede4b94eba,"A medium-paced Mutation Funk, Bounce Drop, Heartfelt song in F major."
b2826ffd-1875-4214-b8aa-a3a06f60c4c1,"This Freestyle, Rap, Hip Hop piece is in B major with a medium-paced pace."
b2c67825-9bb5-407b-974b-2ab58ca3b3e8,"Set in D minor, this fast-paced Ambient Melancholic Piano composition."
b351319e-9a90-498f-81ac-d8c7dc6195a6,A medium-paced track in A# minor.
b355a7b9-b711-4651-af99-882a6a8843a2,This piece is in G minor with a medium-paced pace.
b36df919-55f1-4a7c-974a-b8ac1d69a02d,This Happy Hardcore piece is in C# major with a medium-paced pace.
b379761b-3bb2-4493-ac2c-6af4a87f4022,This Pop piece is in E minor with a medium-paced pace.
b37f1b95-c9cb-411f-8cf0-899055e0ae26,"A medium-paced Reggaeton, Trap, Hip Hop song in G minor."
b3a1d13d-ce6c-4053-8101-8824e48337cb,This Salsa piece is in E major with a medium-paced pace.
b3b68faa-bc6c-4e08-b563-c2bb147c3701,"Set in G# major, this medium-paced Empowering, Pop, Animated composition."
b3e25a69-ef94-481c-ba90-8abe42fb3f68,"A medium-paced track in G# major. Genre: Glam Metal, Metal Guitar."
b4fc7d70-141b-4110-bf0f-3dee7d5b3e1b,A fast-paced track in A minor. Genre: Grime Dreamy Electronic.
b5d716a2-23e9-4dab-87e3-e18cdb9da346,A medium-paced track in A major. Genre: Rock Aggressive.
b5fe9864-e235-4e88-9d8f-1552b9b7a611,A fast-paced track in E major. Genre: Folk.
b63a618c-1f0c-4283-9aad-7283af9656ab,"Set in D# minor, this very fast Female Voice, Dark Voice, Catchy composition."
b6953684-7899-48d6-aa70-94764a93d426,This Rebellious Rock piece is in D minor with a medium-paced pace.
b6bc2b58-2e18-4d19-a8ff-3d8de5507cd0,"This Portuguese Of Portugal, Emotional Male Vocals, Indie-Folk piece is in D minor with a very fast pace."
b6bc545e-081a-4d2b-a83d-d5f8e8e9ae06,"A slow track in E minor. Genre: Female R&B Vocals, Glitchhop, R&B."
b6d976b3-7f0b-4680-b3ca-ecd6800679a5,"This Patriotic, Army March, Band Music piece is in F# minor with a fast-paced pace."
b724041d-fcb7-46a1-9485-01e4f2bc779b,A fast-paced track in C minor.
b7f49d08-85af-4acb-94ac-9ae30160c0d1,"A fast-paced track in B minor. Genre: Experimental Electronic Music, Dark Synth Pad, Kick."
b811f9fd-78f1-44a1-85d1-0d1657d1b29e,A fast-paced track in D# major.
b8158275-e0bd-4030-b152-87815ef2ad91,This Dream Pop piece is in D minor with a fast-paced pace.
b836020d-a882-4272-8fdb-d7e4fac6d40a,"A very fast track in D minor. Genre: Pop, Rap."
b87eb888-fc20-4446-b8fa-4ce7962019e5,A medium-paced track in G# major. Genre: Sad Emo.
b88b9d2e-9664-4570-a229-ec92b0502600,This piece is in D major with a medium-paced pace.
b89f07ae-b1ef-4ece-b42d-350e1102a4e9,"This Disco, Cold Wave, Electronic piece is in G minor with a fast-paced pace."
b8c83c92-04d5-4d8c-ba21-9cfd9d30e499,A medium-paced track in E minor.
b9368ec1-483f-4af9-b77c-83658b061f8e,"This Cooking Noises, Clanking, Sizzling Noises piece is in C# minor with a medium-paced pace."
b9570be7-4dad-4952-9ca3-e8b9f64bcd18,A medium-paced track in D# minor.
b9814845-0b1b-4817-a37d-db952e25ee5c,"A slow track in A major. Genre: Male K-Pop, Male K-Rap."
b9edc607-f811-4b8e-b9ba-16f448210a4d,A slow track in D minor.
ba1c508a-d8ec-4c57-ab3e-b04e94a45b9c,"Set in G# major, this fast-paced Metal, Hard Rock composition."
ba5e5357-8c97-44be-b557-3948e282ae5c,"Set in A minor, this medium-paced Alternative Metal, Rich Riffs composition."
ba7d41ba-df5a-460b-a1b0-f9da433a77e9,"A medium-paced Spanish Sea Shanty, Reggae song in D minor."
bab9dd99-924c-4a95-82f1-0da6db920a14,"A slow Alt-Rock, Indie, Happy song in G# major."
bb2e73ee-8556-43a8-9d2b-cc560d62362d,"A slow track in A# major. Genre: Background Jazz, Lo-Fi, Ambient."
bb48028d-a86c-4aef-9963-7c9c3458fbe2,This Pop piece is in E major with a fast-paced pace.
bb63b34e-8e6d-406a-9e77-a67af844b13d,A fast-paced Pop Electronic song in E major.
bb83cb1f-6fe1-4441-aaa0-41cc885066c1,A medium-paced Punk song in C minor.
bba8fbdc-0721-4e90-89df-6f37e6a3e7ad,"This Disco, Big Beat, Synthwave piece is in A minor with a medium-paced pace."
bc7b10d8-6d7d-40f5-ad5b-e3d269770fac,"A medium-paced track in A# minor. Genre: Baritone Male Vocals, Post-Hardcore, Emotional."
bc808355-a1df-4e34-911c-e35e46df2ace,"Set in G# major, this fast-paced Jazz Fusion, Pop composition."
bc89f3d2-f450-4ec3-94da-067d28acb68d,"A medium-paced track in G# minor. Genre: Alt-Pop, Funky Bassline, Playful Synths."
bc9b8e38-ab37-47e0-829f-0449365daa4f,This Hard Bass Electronic piece is in F major with a very fast pace.
bca89389-60ea-493b-96c7-17903a0b37f9,A fast-paced track in E major. Genre: Future Urban.
bcae4e1c-72e0-491a-85d1-de040d3f68c4,"A slow track in D minor. Genre: Gregorian Chant, Female Voice, Orchestral."
bd0735ec-47c2-4c25-b496-d4b5a3e1349a,"This Sliding Scales, Gothic Funeral Bells, Epic Angel Backgrounds piece is in D# minor with a fast-paced pace."
bd76f93d-5bd8-4445-8801-cd884ed21981,A medium-paced track in E minor. Genre: Hip-Hop Funky Playful.
bd998af1-f0f2-43b7-a39d-dd8aad24e360,"A slow track in G major. Genre: Afrobeat, Reggae, Jamaican Dancehall Style."
bdd878ac-7ba3-440d-8a14-d22903ff4ea2,"This Uk Drill, Battle Rap, Horrorcore piece is in D# major with a fast-paced pace."
be22f894-a089-4bee-93fb-897e03f699ad,This Algrove Psybient piece is in C major with a fast-paced pace.
be6c94da-f993-48ae-8411-8ebb66aba4ba,A fast-paced track in F major.
bea5c7dd-e4f1-4a09-b3b8-7bda515e00f9,"This New-Age, Worldbeat, Electronic piece is in G# major with a fast-paced pace."
beae0cbe-fef5-4507-a8de-0260e7e4b7c5,This piece is in F major with a slow pace.
becdf8f8-04f0-4fce-93d4-8e1d0ec47a98,A slow track in G# major. Genre: Melancholic Ambient Instrumenta.
bee5046b-87a4-4ce8-8518-7552a960a94b,This piece is in D major with a medium-paced pace.
bef7c746-e72c-410e-9bed-b3dc6828981d,A medium-paced Metal Hardcore song in B minor.
bf97ffa7-924a-43e9-82fa-08df066dd0a9,"A fast-paced Clear Vocal, Dream Trance Sitar, House song in G major."
bfc56d0f-0494-4ed2-aa4e-15cc7cbed14a,A medium-paced track in B major.
bfdf55b1-7792-44ad-b984-c2ea917ce98e,"This Acid Techno, Gangsta Rap, Glitch piece is in G minor with a fast-paced pace."
bff82586-2182-4ed0-877f-5d506b008fd6,A medium-paced track in B minor.
bfffce79-817c-433a-97b7-239fd83cea1b,A fast-paced track in C major. Genre: Electro-Swing Brassy.
c01d35db-631b-42cc-b514-8a81f1abad68,This Pop piece is in E major with a fast-paced pace.
c0985703-9f84-4d4f-a1b6-2f997823bf90,A very fast track in G# major.
c0c7872f-8d13-4dd2-aa2b-fbcb24b539cd,A medium-paced Gritty Hard-Hitting Raw song in F major.
c0d8ede1-21fa-4079-bf1c-3df53c1827fb,This piece is in A major with a fast-paced pace.
c13461da-4611-464d-a9e4-c582643aa8f0,"A fast-paced Soulful, Modern Opera R&B song in G# major."
c17d01c5-e1c0-4bb0-8a5d-2f53c2b902f2,"Set in G# major, this fast-paced Gangster Rap composition."
c1896f84-0208-469f-879b-6ce298d21f34,"A slow Acoustic Country Melodic, Male Voice song in E major."
c1d29e0b-c2b2-4362-a46b-3973129b3502,"A fast-paced track in D# minor. Genre: Holy, Delicate, Orchestral."
c23f0693-c23b-45b3-a012-549a39e9d424,"This Clear Male Vocals, Anthem, Gangsta Rap piece is in D# major with a very fast pace."
c350206b-aa15-4d0e-8b0d-9788ea07f080,A medium-paced track in G minor.
c3cc01ba-0283-4881-9736-c7fe4d3bbc71,"A medium-paced track in F major. Genre: Rap, Smoke, Gangsta Rap."
c42fd4ce-4dae-475e-9cb8-2dd947d53e3d,This Chilled Dubstep piece is in D# minor with a slow pace.
c4757273-64ec-464e-bbc2-053d73626be1,A very fast Rap song in G# minor.
c4a26d69-634c-454e-b0b2-6c6475b73b59,This Electronic Futuristic Dark piece is in C major with a medium-paced pace.
c4af2b04-49f2-4011-be0b-5810e5a9f6a1,A medium-paced Reggae Laid-Back Uplifting song in D minor.
c4ef7128-3c25-4ae3-b807-55f06820497f,This piece is in E major with a fast-paced pace.
c5045e2a-1dcc-4922-aa17-a09504ed4e77,A fast-paced High-Energy Electronic Dubstep song in B minor.
c52453d6-505e-48e4-8d7f-71df9d13af13,"A very fast Atmospheric Ambient Dub, Female Vocal song in E minor."
c5707b57-9496-4f4b-81e1-ec6ec6343aa0,"Set in E major, this medium-paced Tango, Electro-Tango composition."
c5c6ca23-b1ec-4101-a619-656f2d0d545e,A fast-paced track in C major.
c615077a-323c-4872-8b71-cf39639d4b40,This piece is in A# minor with a slow pace.
c6306ad0-5dfe-465c-839a-858ad22a8b67,"Set in D# major, this fast-paced Brostep, Drum, Sub Bass composition."
c634b36a-9e06-4a3b-bcb0-4ca46746919d,"A fast-paced track in B minor. Genre: Melodic Death Metal, Death Metal, Metalcore."
c6378a77-82a9-4ea4-ac0e-d992c9a6a30d,"A medium-paced Style: Humorous, Upbeat Rhythm, Playful Melody song in C major."
c6e5c613-7b7b-4684-b27e-13f67cdea316,"A fast-paced Kawaii, Catchy Chorus, Epic Intro song in G minor."
c72ce848-d270-4c62-b7a6-ad4bd1b280b4,This piece is in A major with a fast-paced pace.
c7340dd3-53e9-4ad6-9e5a-ee65f8f1a806,"Set in E major, this medium-paced Pop, Rap composition."
c789b2e8-850c-401a-9c70-5c4cf4366a58,"A medium-paced Mob Chanting, Speedcore, Indietronica song in G major."
c78c2992-5144-4830-99da-4931e89e7f94,"Set in D minor, this slow Pop, Romantic, Acoutid composition."
c83e1b79-4a10-45ed-92ad-21271afcc557,A fast-paced track in E major. Genre: Sertanejo.
c85b1431-6480-41de-8ae3-a0dd6ca2a8f5,"A fast-paced track in D# major. Genre: Industrial Alternative, Crazy Male Vocals."
c892f67c-c77b-4e4f-ba05-08f880a1679f,"This Platinum Producer Phenom, Phonk, Bass Heavy piece is in B minor with a fast-paced pace."
c89a2d79-a21d-4f2e-86db-e6e436a860ec,A medium-paced Uptempo Volksmuziek Feestelijk song in E major.
c90c6c4f-5d73-48e4-bc66-78f3df5c3dee,"This R&B, Hip-Hop With Smooth, Snoop Dogg-Style Cadences piece is in G major with a medium-paced pace."
ca2e52a2-c1ee-4a7a-b9a9-2ce68f02c194,This piece is in E major with a fast-paced pace.
ca3b61ba-bf18-4f6a-9d23-6d01dcae5dad,"Set in G major, this slow Braggadocio Rap composition."
ca8dc018-e38a-4752-b737-b4b432e59f75,"Set in A major, this slow Rock Brute Électrique composition."
cb0d1333-8d64-4522-b314-56b42c264c27,A fast-paced track in D minor.
cb16c0ec-4ade-4c66-a342-3a95cbf0be41,"Set in E major, this fast-paced Ballad, Dramatic, Soundtrack composition."
cbffaf45-4cd8-48a8-adfc-a643cce02abb,This piece is in D# minor with a fast-paced pace.
cccf458b-bc4a-4d24-a24d-952d76532dfb,"A medium-paced Pop, Religius song in D minor."
cd081d82-12d3-4e51-a179-5425c21e8505,This Celtic Folk piece is in A# major with a slow pace.
cd0fa65a-5c40-4a66-b98b-2d2b7834d111,"A medium-paced track in B minor. Genre: Disco, Groovy, Pop."
cd3f75fd-368a-48c0-ae7e-a4aa81d0ecdd,A medium-paced track in E minor.
cd485507-1ec3-4edd-be2a-79bc8a12238a,A medium-paced Salsa Energetic Electrifying song in E major.
cdc83074-1a30-4365-9dc7-dbb7d99837a8,A slow Piano-Driven Slow Melancholic song in C major.
ce04597b-d7b4-4d43-9880-2b3943fd7c23,"A fast-paced track in D# major. Genre: Vocaloid, J-Core."
ce064633-10a7-45a9-ae63-14c20c73244e,A fast-paced track in F major. Genre: Operatic Black Metal.
ce1527df-0e12-4d74-b723-4588a4fa6262,"Set in G minor, this medium-paced Rap composition."
ce454e0a-749b-45df-a899-b1079962115c,"A fast-paced track in C# major. Genre: Rap, Nightcore, Country."
ce84fb8f-d9e5-43b1-8893-5ad723d82eee,A very fast track in F major. Genre: Bass Male.
cebcc04c-1c1b-432e-a007-709d57cfca4f,"This Acoustic, Female Vocal piece is in D# major with a medium-paced pace."
cec99347-74f9-4958-adc9-431507b0ae79,"Set in D minor, this medium-paced Cutecore, Drum And Bass, Chiptune composition."
cf74f487-caf9-4898-9ef0-73e37aa9f86d,"A medium-paced Classic, Hopeful Pop, Country song in D major."
cf90151c-e174-4609-b8f2-97d5f6a0502f,This piece is in F# minor with a fast-paced pace.
d0c86a6d-1721-4435-bdb9-ecf06437f35d,A fast-paced track in D minor. Genre: Musica Tetrica.
d0f79901-1990-451d-84fa-516c129ed6d7,A slow track in C major.
d152ec14-0045-4f97-9796-2fba314da287,"A very slow Acuistic Guitar, Emotional, Passionate. Piano song in F# major."
d1cb7cf1-a6a4-4320-b644-59b865db7659,A slow track in B major.
d239b7cd-bf57-4650-b5ed-362b8bd46b91,This piece is in F major with a medium-paced pace.
d260a2fc-0c9f-4cf6-9108-5d7c361025e4,A fast-paced track in C# minor.
d2902cf6-9d1b-4d00-ac12-59d6307d1051,"A medium-paced track in D# major. Genre: Screamo, Extratone, Uk Drill."
d2cb60c0-d169-4a06-9bd8-7822260757f2,This Deep Rap Breakcore piece is in C# major with a fast-paced pace.
d33b8dcf-4ed8-4d87-8579-8b2e55f01db7,"A slow Rock, Male Voice, Hard Rock song in C major."
d3ca4367-9643-409c-a587-845cd28b781e,A fast-paced track in C minor.
d3fac1dc-6480-4cc5-9e4b-cdc4f3325971,This piece is in D minor with a slow pace.
d454d95d-ff69-4083-80b6-fca0799e5024,"Set in D# minor, this fast-paced Rap composition."
d468f183-e42c-42b9-9cc7-cbd34f04f892,"A medium-paced track in D minor. Genre: Violins, Excited, Splendid Chorus."
d52aaa8d-4662-4499-b5ec-e35fa0a9213a,This piece is in A# major with a medium-paced pace.
d66a795c-5b40-4aaf-83cb-6f82955fe8db,"A medium-paced Metal, Rock, Mechanical song in F major."
d6edb629-9118-4cc0-a9bd-bec752d631a7,"Set in C major, this fast-paced Female Vocal, Anxious, Dissapointed composition."
d6ff1d38-469b-42c8-8685-f10ba051db64,"A medium-paced Reverberated Snare, Spaced Hi-Hats, Wide Synth Pad song in A major."
d77ebf74-a3cd-40f2-b6a0-ede1a371ba0a,"Set in G# major, this fast-paced Australian Rock composition."
d7b35bd5-7d77-431b-9522-3cc2fd91d2d4,A medium-paced track in B minor.
d7cc22b3-eb84-4b57-9017-8bfa85517999,"A medium-paced track in D major. Genre: Rock, Alternative Rock, Male Version."
d7cd5ae9-1085-4c7e-ad65-169b94491bef,"Set in G# major, this medium-paced Same Music composition."
d872943d-61b1-429d-a700-6a9796fe79e9,A fast-paced track in G minor. Genre: Alternative Rock Gritty.
d8779909-e4f5-4b29-9aaa-5f6c8f742ec5,A medium-paced track in B major. Genre: Rap Hip Hop.
d90c6158-99fd-4d8c-955a-0d9337382d11,A fast-paced High Quality Sound song in A major.
d90de9fa-4fe1-4ab8-b358-aa1c3c0975fe,A medium-paced track in D major.
d90e63a9-4bc3-4eb9-b2f4-ed4b18af92a7,This piece is in B major with a slow pace.
d9c80d72-d334-43b2-bda4-281538e2c578,"A fast-paced Bass House, Electro House, Electronica song in B minor."
d9f35bdf-218d-4c20-a36b-7dfede8bad5f,"A fast-paced track in D major. Genre: Folk, Gospel, Praise."
d9f522c4-2bc5-40f8-9bc6-e541393e3ea2,"This Psychobilly, Rock piece is in D minor with a fast-paced pace."
d9fabd91-e8f1-497d-943d-df8374c194c1,"This Heavy Dubstep, Distorted Fog Horn, Warped Reesses piece is in G major with a slow pace."
da422fd8-79a8-4c93-949b-7666051dcb33,This piece is in A# major with a fast-paced pace.
da8e5baf-de3f-4d9d-953d-8e5a15b7305c,A fast-paced track in E major. Genre: Lightjourner[Cine-Exc]Ambiauralgloryhope.
dac19ae9-49f8-46af-8748-1160cd8f576c,"A medium-paced track in B minor. Genre: Electric Guitar, Anthemic, Ethereal."
dac6c1b5-a330-4229-ba98-71dd27cfb61c,"A medium-paced Female Voice, Soul, Cinematic song in E major."
dadefd5f-09ee-4588-a970-6a4f9ad3d8ba,"A fast-paced Relaxing Female Voice, Moombahton Tropical, Reggaeton song in G# major."
db15ad90-bdbd-49d8-bd27-199f20cb53c4,"A slow track in E major. Genre: Power Chords, Guitar Strumming, Powerful Male Vocals."
db30669b-1844-4c51-a51d-549bcb5d2cb3,This Anthemic Orchestral Classical piece is in A# major with a fast-paced pace.
db3965da-04f5-4c43-9c10-a5e6d14c8a5c,A fast-paced track in A# minor. Genre: Poetry.
db44cf7b-22a0-4eed-8989-62a511b08f3d,This piece is in F major with a medium-paced pace.
db489918-6c7c-4a9b-b58c-11dc64aade66,A fast-paced track in A# major. Genre: Experimental Electronic Ambient.
db84e8db-8e93-4907-bbdb-acdce2441ff3,"A fast-paced Disstrack, Cool Rap song in B minor."
db954e2c-5f44-43d0-9402-b11524a88dba,A fast-paced Chicago Blues song in G# major.
dbc5f081-a9b9-4677-8f55-50262fb882fb,"Set in D major, this fast-paced Remix, Bass Music composition."
dc6d0bbe-a681-449f-9ca0-5d25a6704e95,A fast-paced track in D major. Genre: Trap Electronic.
dc98fe16-46c7-402f-9e46-dc70e5794817,"A fast-paced track in G# major. Genre: Country, Fiddle."
dc9bcd47-7c73-4601-8030-b78ece4e014d,"A fast-paced Gothic Doom, Male Voice, Dark Ambient Punk song in D# major."
dcdd5f32-a0b5-4225-a02d-92cd95a56e68,"Set in E major, this medium-paced Tropical House, Soulful, Positive composition."
dd5f38ab-0afa-47e0-9078-5f62c40c0576,"Set in D minor, this fast-paced Symphonic, Orchestral, Film Score composition."
dd828a1a-5cfc-47af-aaf3-f31edb1a41e0,This piece is in D# major with a fast-paced pace.
ddb0f61a-636a-4869-8700-237b44447ae0,"Set in E minor, this fast-paced Elegant, Otherworldly, Waltzlike composition."
ddc6c325-0436-454d-a335-b3335b2cb7eb,"A very fast track in G# major. Genre: New Age, Trap, Dynamic."
de05326f-79bc-40af-bdbd-a17a6a88fdfc,"A fast-paced Dramatic Slow Intro, Midwestern Emo, Heavy Trap Influence song in B minor."
debcc377-da71-4e60-bc29-824a893d3e8b,This piece is in E major with a very fast pace.
dec4047a-297e-4fd9-97de-73d091335886,"This Rap, Trap piece is in G# major with a medium-paced pace."
df52f711-8d16-4338-a558-0af54da4a8cc,"This Country, Americana, Male Vocals piece is in G# major with a very fast pace."
df97db49-69ab-4102-874b-7baaaa691275,"Set in D# minor, this fast-paced Neo-Classical Metal composition."
dfbac8ea-2c47-452a-82d2-6a03185172da,"A fast-paced Electrónica, Tecnhno, Reggae song in G major."
dfd6b2fb-d53c-4532-83b0-d094dd2f35eb,"Set in A major, this medium-paced Female Power Vocals composition."
dfdf8604-75b0-48cd-a4a7-15831b063c68,"This Trippy Trap, Glitchy Synths, Heavy Drops piece is in A major with a fast-paced pace."
e00b24dd-75a5-43ed-b78b-fa17d41f2296,A very fast track in G major. Genre: Gritty Hip-Hop Streetwise.
e037a965-c4e7-4bac-b111-f341f2b6fded,A fast-paced track in F minor.
e0618d22-6002-43ca-8949-dfa242967620,"A very fast track in B major. Genre: Baroque Pop, Fat Leads, Easy Listening."
e0836ba5-2846-4349-b7e6-7017f90bef8b,This piece is in A major with a medium-paced pace.
e0889628-da5b-41b8-9611-6a62a4900ad1,A very fast track in C major.
e09eafcd-f251-4881-9a89-485a76477ac8,A slow track in E major. Genre: World Music Rhythmic.
e0b8ef73-c8aa-4559-ad02-a14a91ce144a,A medium-paced track in G# major.
e102dd5e-bc57-4203-b1dd-f61fafddd26b,"Set in A major, this fast-paced Xylophone, House, Electronica composition."
e11056d8-0f8f-4a5d-a606-3c9b94b0c7cd,This Dark Evolving piece is in B minor with a medium-paced pace.
e11c09b7-b513-436d-9551-4543a8aaadbf,"Set in D minor, this slow Comedy, Shanty composition."
e14ae002-f058-4e2d-a1b2-cd5e465ee583,A slow Turntablism song in B minor.
e17d885e-3943-4fe6-b6a2-5b43dd233956,"A fast-paced track in C# minor. Genre: Dark Rock, Emo Rock, Rock."
e1901079-26ab-4f6a-b05f-218c6fcb81c4,"Set in E minor, this fast-paced Electric Grungy Rock composition."
e1c7930e-0a4d-4251-9806-82370e44f436,"Set in G minor, this medium-paced Dancehall, Catchy composition."
e2015b0b-973d-4951-a2cd-2e0b1f622240,This Country Acoustic Rugged piece is in E major with a medium-paced pace.
e204b74c-e946-493e-94cc-51c72f19ddf3,A medium-paced track in E major.
e27cd0b0-43e7-41b6-bbbf-d79ea0d09155,A very fast track in A# major. Genre: Swing.
e2aa56ce-aaf5-451f-94b1-d09f812c72ad,"Set in G major, this medium-paced Hyphy, Dark Techno, Calypso composition."
e2f34371-d7ec-44f6-98f8-1b2304db597d,This piece is in G major with a fast-paced pace.
e34bd1e8-73ef-46bb-82ec-8c693a4023b0,"A slow track in D# minor. Genre: Catchy Instrumental Intro, Rhythm And Blues, Lo-Fi Japan."
e3a801e0-5c47-476f-9269-4c1bc5c46536,"This Raps, Dark Techno piece is in G minor with a fast-paced pace."
e414d154-ce2d-4bb5-a6dc-e06e1158697a,"A fast-paced track in D minor. Genre: Malaysia Rock Kapak, Everyone Crying."
e4374cde-52cd-41de-9228-4c9132a8104d,"A very fast Electronic, Sweet Female Voice, Eerie song in E major."
e444b496-1f5a-4af6-96be-4059b5fd1c5d,This piece is in D major with a fast-paced pace.
e4dd6afc-56eb-41ef-ab33-6697f447e755,"A fast-paced Funk, Jazz, Catchy song in F major."
e4ebf8e4-0729-4d29-af8b-eebac98081ff,This Drum-N-Bass Pulsating piece is in B major with a fast-paced pace.
e5529313-615d-43bf-9360-aa1e56d41bdb,"This Female Vocal, R&B, Rap piece is in F# minor with a fast-paced pace."
e57eab4b-cdd4-4bfd-88a6-bc9cd2018474,"Set in E major, this medium-paced Samba composition."
e5d8eb8e-e0a5-4f0c-8aa9-2a23c22a0318,"This Folk, Indie, Ambiance  Intime Mélancolique piece is in E minor with a fast-paced pace."
e6208f29-4280-4ab7-b7c6-f66370ead550,This Brazilian Funk piece is in B minor with a fast-paced pace.
e6a6cb09-78de-416c-a6ee-e12ccc6ea52e,This piece is in A# minor with a very fast pace.
e6b85e87-0b0e-48c2-b04a-8fee2d0c99d9,"Set in B major, this fast-paced Electronic Hyperpop composition."
e73a1bb0-9dc3-4625-99e5-5cd5d9ad3c9c,"Set in B minor, this fast-paced Breakcore, Idm composition."
e769638a-ce57-42a3-a801-3373f4f860df,"A fast-paced Catchy Instrumental Solo, One Ok Rock, Japan song in E major."
e775e519-99f5-46db-9447-c4ec79a622e6,"Set in G minor, this fast-paced Trip Hop composition."
e79ef657-0e64-4b91-8c98-f1bcf65bb1d1,"Set in B minor, this medium-paced Sleek And Confident, With Smooth Synths, Deep Basslines composition."
e7afea2a-1880-48e9-9936-c2bb36980445,This piece is in F# major with a medium-paced pace.
e828bdf0-f8d2-4e40-a81f-0c3cc7e9653c,A slow Pop song in C major.
e964b28e-af29-4bb4-9ae8-f52a5728ea78,This piece is in E major with a fast-paced pace.
e9dc2b0b-e64e-44cb-830b-80022b59bc36,"A fast-paced track in G minor. Genre: Neue Deutsche Härte, Industrial Metal."
ea111412-1910-4210-b23f-1b736435da73,This piece is in B minor with a slow pace.
ea125492-610d-4d81-9b0d-55e3b43797d2,This Electronic Rhythmic High-Energy piece is in F major with a fast-paced pace.
ea1d3dae-1e90-4bbf-a21b-a487576cc98f,"A fast-paced Rap, Film Score, Neo-Classical song in A major."
ea46fb83-a9fc-4603-84a0-1f62a97a6e5e,A fast-paced Intense Electric Rock song in G minor.
ea4a6f85-fab0-4c8a-8215-d4081b9299b4,This Deep House Lounge piece is in D minor with a fast-paced pace.
ea72b598-fb60-4d88-9b80-a66367eb5df8,"A fast-paced track in G# major. Genre: Sundanis Traditional Dangdut, Edm."
ea9f4e0d-0e23-4e2b-baca-859a0863d799,"A medium-paced Dark Ambient, Dark Abstract, Space song in F# minor."
eabf1c11-ad9d-4dfd-9ace-eaedd4192900,This Pop piece is in F# minor with a medium-paced pace.
eb4ad4a3-0709-4996-afa7-4eaa2f11b3c5,A fast-paced Synth-Driven Vibrant Electronic song in B major.
eb67c955-3af7-480a-b25f-a8e383c2e34c,A fast-paced track in E major. Genre: Blues.
eb854e87-395f-4a9c-b437-0df6505315db,"A very fast track in E major. Genre: Only Male Voice, Drum, Live Concert."
ebd35c4f-efb6-4815-9d78-c05a0ce31d9c,"A medium-paced track in G major. Genre: Alternative Rock, Hard Rock, Thrash Metal."
ec128882-3e63-4865-af85-9d28b15e4a20,"A fast-paced Drum Line, Soft Funk Bass, Memphis R&B song in G major."
ec844eb5-050a-4b31-876f-7708c00c9207,"Set in G# major, this fast-paced Rap Dap, Hip Hop, Rap composition."
eceb1c49-f9de-4e67-b371-e9bdf72ae459,"A medium-paced track in D minor. Genre: Texas Blues, Gritty, El Guitar."
ed510fbd-29af-4119-acba-b081890bf274,"Set in E major, this slow Spoken Word, Talking, Noises composition."
ed6259fb-fd22-43c9-a732-e0d52b01ccbb,"A fast-paced track in B minor. Genre: Cafe Lounge, Miku Vocals, Vocaloid."
ed8c745c-4d19-4c7d-a287-b189b6b7df32,"A very fast J-Punk Ska Pop, Akihabara Cute Pop, Bubblegum Synth song in G# major."
ed944f02-97b2-49f0-a50c-c6b03b657e97,"Set in F# major, this very fast Cinematic Orchestral Soundtrack, Soft Electronic Rock, Sad Male Vocal composition."
edba4f69-541e-4f2d-9b34-2b4b3330240a,"Set in G major, this fast-paced Mantra Chant, Trance, Female Vocals composition."
ee083e90-10e9-422d-b3ca-803eaf2a5ee1,This piece is in G minor with a medium-paced pace.
eeb7e1aa-f502-4a41-b8bd-d30251b9de51,This Aggressive Heavy Chaotic piece is in G# major with a medium-paced pace.
ef3e82dd-ac04-40a6-bc35-43efced2798c,A slow track in D minor.
ef4d89ca-ecf6-41e5-9f4c-e7e4c3643a9f,"Set in B minor, this medium-paced Electronic Pop Danceable composition."
ef567c70-7640-40a3-8271-f7c305cbfece,"A fast-paced Techno, House, Pop song in D minor."
efa479dc-1fb9-4fda-ad76-0c794b63bab2,"A fast-paced track in G# major. Genre: Cinematic, Catchy, Dramatic."
efc6e3c4-a17e-4067-8f45-6f0f635b759a,"Set in C minor, this fast-paced Electro Swing composition."
efdb3e62-da00-4d00-b772-4274d6280148,A fast-paced Alternative Rock song in D major.
f025fad0-f93e-45d4-8307-53ed3d1adb1a,"A fast-paced track in G minor. Genre: Minimal Rock, Orchestral, Woman Singer."
f0b9dd79-d14a-457f-9428-ce2e5a98c50e,A slow track in A# minor. Genre: Pop.
f0cb3740-16a9-4e57-823e-86ea767794b5,"Set in E major, this medium-paced Singer-Songwriter, Electro composition."
f0f21d90-0c50-46d1-8470-03b416a97176,A medium-paced Vocal Quartet song in A# major.
f183dfdd-e830-45f8-8b0d-762bb63046f3,A medium-paced R&B song in E minor.
f1ca0edf-731d-40d6-86ab-fdc7353d39e6,This Hiphop piece is in G# major with a medium-paced pace.
f204b63e-2dd9-46fa-8944-4eb164371fa7,"Set in C major, this medium-paced Folk, Pop Punk, Moody composition."
f205ecb6-4932-498b-af66-c725ae86bac2,"Set in C# minor, this fast-paced Symphonic Metal, Alternative Metal, Gothic Metal composition."
f23610fe-097a-4571-befd-5c5ab2b2e7e4,This Metal piece is in A major with a medium-paced pace.
f25cbb9e-e32c-4180-addb-f9fd43842014,This piece is in C major with a medium-paced pace.
f27271bc-5616-4300-b4da-a0242f66570c,"Set in A# minor, this medium-paced Male Vocals, Pop, Kick Drum composition."
f2752faa-cf0a-4bdc-b077-90204ce098dc,"Set in G minor, this medium-paced Alternative Rock, Singer-Songwriter, Thx Stereo composition."
f28f279e-2cb7-4e98-91ad-7eeb8a712f05,A fast-paced Verse Start Gentle song in G# major.
f2a2d83c-43f0-4c1e-9d3d-91fd17271abd,This piece is in F major with a medium-paced pace.
f2bc6ce0-6ffd-4838-b627-e1b84af73466,"Set in D# major, this fast-paced Passionate, Post Rock, Dark Bass composition."
f337a0dc-feaa-4f72-8f29-1106fdabdd94,A fast-paced Hit Country Song song in F# minor.
f39ddd52-0ae5-417c-8a86-480f1f93c5f7,This Inspirational Pop piece is in E major with a fast-paced pace.
f3ca4afb-bf8a-43c8-9d67-d3211621862c,"A fast-paced track in F# major. Genre: Suspenseful Light Soundtrack, Somber."
f43662e7-41f8-433b-bad6-26690c7165e2,This piece is in E major with a fast-paced pace.
f4daa26a-aeb8-4904-b86b-af97e123d83d,This piece is in A# minor with a medium-paced pace.
f5550fb9-9e62-42bd-bd95-82424cb10f30,"A fast-paced Irish, Folk, Bagpipe song in D minor."
f58701ca-b2fb-4df3-9699-45a0d99f4a74,A fast-paced track in G minor. Genre: Futuristic Glitch Edm.
f587affc-440e-4d4d-9d52-d5dc0771f445,A medium-paced track in F# minor. Genre: Acoustic Raw Blues.
f5f7ba0b-500a-4bb8-a597-d7fd2daec54b,A slow track in G# minor. Genre: Glitch.
f660fb2a-3f1e-4553-8514-2d5431a370ad,A medium-paced track in A major.
f6810575-1d02-4f14-9ab0-4a385b1ec2fe,"Set in F# minor, this very slow Girl Group Pop, Soulful Harmonies, R&B Influences composition."
f690fb63-aef6-4ca1-99cf-8de4b75c775e,"A medium-paced Chill-Lofi, Soft Piano song in D minor."
f6a9e3af-7aac-418e-aa9d-f290e8af4726,This Metalcore Cantado Suavemente piece is in C# major with a fast-paced pace.
f6b2b779-5f6f-49c4-b2e4-78d875cefd4d,A fast-paced track in E minor. Genre: Chrétienne Uplifting Joyful.
f6ee0ff9-2241-4ae1-a8a1-36557637d854,"This Afro-House, Deep House, Soulful House piece is in B minor with a medium-paced pace."
f78e88c0-d06a-4cd3-9250-1bc0db29b84a,"Set in D major, this medium-paced Hard Rock, Grunge, Trap Rap composition."
f799a966-9e88-41b4-8c93-5377dcae8d78,"This Futuristic, Soft Futuristic, Futuristic Cinematic piece is in F minor with a medium-paced pace."
f7ae5796-1b70-4965-aa1e-b553cbf2f3c0,"This Emotional-Melodic-Clear-Male-Vocals, Moderate-Tempo piece is in C# major with a medium-paced pace."
f7e275a4-7824-4d3b-866e-c8bccb906b05,"A slow track in D# major. Genre: Drum N Bass, D'N'B, Jungle."
f82c1bc0-ee9d-46a4-a9d0-853a670bb4f9,"Set in G# major, this fast-paced Epic Rock, Gothic Rock, War Beat composition."
f890c7eb-7311-4917-9c9e-ca19cbfdbec8,"Set in A# major, this medium-paced Art Tango, Happy composition."
f8bd2d09-79ca-40b3-8f8e-50abcdd62ff4,"A medium-paced Clear Vocals, Punchy Synth Funk, Stampede Statements song in F major."
f926eb1a-41c5-4f49-ba51-4d03d7cc66a2,A fast-paced Uplifting Pop song in G# major.
fa524f33-1f40-4d26-9d00-2ea1dafa61b9,"A medium-paced track in A# major. Genre: Drum And Bass, Liquid Dnb, Sub Bass."
fa7ae89a-3607-4185-9bec-9ef74c352f77,"Set in D# major, this very fast Trap, Rap composition."
fb8c0b94-b0da-4b96-99ec-2c4ee7bbb118,A fast-paced track in G# major. Genre: Dance Happy.
fb975257-25e6-426c-bd31-c682b9e46b98,"A slow Macabre, Trap Rock, Punk song in C# minor."
fbee9eab-78d4-412f-9a07-de3ce0692714,"This Acuistic Guitar, Emotional, Passionate. Piano piece is in D minor with a slow pace."
fbf478bf-cdc6-44d8-b21c-5dbe1cb926c6,A medium-paced track in D# major.
fc77658e-f682-4e62-9745-bfdfc32a1527,This piece is in G minor with a medium-paced pace.
fc9b9a33-4616-47d2-aee4-89b5f21f2a49,This piece is in B major with a medium-paced pace.
fcaaad4a-3615-42f2-9704-ba13971bd231,"A medium-paced track in G minor. Genre: Symphonic, Stomps, Claps."
fcbeb438-9a3b-4937-bfc6-5d63643cbb87,A fast-paced track in F# minor.
fd2380a0-fb0d-48e5-add4-35342771049f,"A fast-paced Rock, Techno, Funk song in C# major."
fd5328cf-67c8-448f-847a-dccee6ab15a7,This piece is in G# major with a slow pace.
fd892c72-a892-4797-b44a-a8d7ac18d0a9,This piece is in A major with a fast-paced pace.
fe4fd3e6-47cd-45fb-8d3d-2ed1537f4e3f,"Set in D minor, this fast-paced Pop composition."
fe6e5247-5b66-4fdb-b92c-4329e6880118,"Set in D# major, this medium-paced Rhythmic Groovy Funk composition."
fe7ada08-fb64-4b59-9fd0-7abb0678b3c7,"A medium-paced track in G minor. Genre: Balalaika, Industrial Rap, Techno."
fefff706-a735-4690-a6ec-e58176fd6e65,This piece is in E major with a medium-paced pace.
ff3d66ea-56db-481b-adb9-005d2fea380c,"Set in A major, this fast-paced Melodic Dubstep composition."
ff4fdfc1-c126-4ef7-9d08-5e1d1b8d0e96,This Athem Rock Dangdut piece is in E major with a fast-paced pace.
ffc1864d-5eed-43f6-bbb7-1576c610a08a,"A medium-paced Reggae Fusion, Reggae, Hip Hop song in E major."
